Workbook

Sheet 2025年度出願
A1: kanrino | B1: obscd | C1: obsname | D1: obscd2 | E1: obsname2 | F1: name | G1: namekana | H1: sex | I1: yubin | J1: adres1 | K1: kousdt | L1: nendo | M1: juridt | N1: sktikbn | O1: skatei | P1: scourse | Q1: コース名 | R1: syugyonen | S1: コース系列コード | T1: コース系列名 | U1: 並び順 | V1: kihonno | W1: utiwake | X1: utiwakename | Y1: jitaidt | Z1: suisencd | AA1: kanryodt | AB1: nnendo | AC1: gakuno | AD1: nobscd | AE1: nobsname | AF1: nobscd2 | AG1: nobsname2 | AH1: nktikbn | AI1: nkatei | AJ1: ncourse | AK1: heiganflg | AL1: koucd | AM1: keiei | AN1: kouname | AO1: kencode | AP1: kenname | AQ1: 留学生 | AR1: 書類合否 | AS1: 選考合否 | AT1: kousdt2 | AU1: suisencd2
A2: 2513150002 | B2: 57 | C2: 11_神戸校 | D2: 57 | E2: 4.神戸校 | F2: 棚田 凜香 | G2: ﾀﾅﾀﾞ ﾘﾝｶ | H2: 2 | I2: 672-8070 | J2: 兵庫県 | K2: 2025 | L2: 2025 | M2: 45539 | N2: H04 | O2: 57 | P2: 1756 | Q2: マーケティングビジネス専攻 | R2: 2 | S2: 3 | T2: ビジネス系 | U2: 4 | V2: 2580012 | W2: 0 | Z2: O | AA2: 45573 | AB2: 25 | AC2: 80012 | AD2: 57 | AE2: 11_神戸校 | AF2: 57 | AG2: 4.神戸校 | AH2: H04 | AI2: 57 | AJ2: 1756 | AL2: 28098 | AM2: 県立 | AN2: 姫路商業 | AO2: 28 | AP2: 兵庫 | AQ2: 0 | AR2: Y | AT2: 現役 | AU2: R以外
A3: 2509550072 | B3: 57 | C3: 11_神戸校 | D3: 57 | E3: 4.神戸校 | F3: 田中 ゆら | G3: ﾀﾅｶ ﾕﾗ | H3: 2 | I3: 674-0094 | J3: 兵庫県 | K3: 2025 | L3: 2025 | M3: 45557 | N3: H04 | O3: 0ｼ | P3: 121 | Q3: 医療事務コース | R3: 2 | S3: 8 | T3: 医療事務系 | U3: 6 | V3: 2580016 | W3: 0 | Z3: O | AA3: 45575 | AB3: 25 | AC3: 80016 | AD3: 57 | AE3: 11_神戸校 | AF3: 57 | AG3: 4.神戸校 | AH3: H04 | AI3: 0ｼ | AJ3: 121 | AL3: 28124 | AM3: 市立 | AN3: 明石商業 | AO3: 28 | AP3: 兵庫 | AQ3: 0 | AR3: Y | AT3: 現役 | AU3: R以外
A4: 2505700003 | B4: 57 | C4: 11_神戸校 | D4: 57 | E4: 4.神戸校 | F4: 岩村 琥太郎 | G4: ｲﾜﾑﾗ ｺﾀﾛｳ | H4: 1 | I4: 680-0451 | J4: 鳥取県 | K4: 2025 | L4: 2025 | M4: 45568 | N4: H04 | O4: 0ｽ | P4: 502 | Q4: スポーツトレーナーコース | R4: 2 | S4: 5 | T4: スポーツ系 | U4: 15 | V4: 2580142 | W4: 0 | Z4: S | AA4: 45701 | AB4: 25 | AC4: 80142 | AD4: 57 | AE4: 11_神戸校 | AF4: 57 | AG4: 4.神戸校 | AH4: H04 | AI4: 0ｽ | AJ4: 502 | AL4: 31003 | AM4: 県立 | AN4: 岩美 | AO4: 31 | AP4: 鳥取 | AQ4: 0 | AR4: Y | AT4: 現役 | AU4: R以外
A5: 2505700004 | B5: 57 | C5: 11_神戸校 | D5: 57 | E5: 4.神戸校 | F5: 森田 栄作 | G5: ﾓﾘﾀ ｴｲｻｸ | H5: 1 | I5: 651-2121 | J5: 兵庫県 | K5: 0 | L5: 2025 | M5: 45574 | N5: H04 | O5: 2ｱ | P5: 427 | Q5: 警察官コース | R5: 1 | S5: 2 | T5: 公務員 | U5: 1 | V5: 2580054 | W5: 0 | AA5: 45603 | AB5: 25 | AC5: 80054 | AD5: 57 | AE5: 11_神戸校 | AF5: 57 | AG5: 4.神戸校 | AH5: H04 | AI5: 2ｱ | AJ5: 427 | AL5: 28239 | AM5: 県立 | AN5: 錦城（定時制） | AO5: 28 | AP5: 兵庫 | AQ5: 0 | AR5: Y | AT5: 現役以外 | AU5: R以外
A6: 2505700005 | B6: 57 | C6: 11_神戸校 | D6: 57 | E6: 4.神戸校 | F6: 藤井 柚羽 | G6: ﾌｼﾞｲ ﾕｽﾞﾊ | H6: 2 | I6: 658-0063 | J6: 兵庫県 | K6: 2025 | L6: 2025 | M6: 45589 | N6: H04 | O6: 6 | P6: 448 | Q6: 公認会計士チャレンジコース | R6: 2 | S6: 1 | T6: 税理士会計士系 | U6: 3 | V6: 2580047 | W6: 0 | Z6: Y | AA6: 45602 | AB6: 25 | AC6: 80047 | AD6: 57 | AE6: 11_神戸校 | AF6: 57 | AG6: 4.神戸校 | AH6: H04 | AI6: 6 | AJ6: 448 | AL6: 28224 | AM6: 市立 | AN6: 六甲アイランド | AO6: 28 | AP6: 兵庫 | AQ6: 0 | AR6: Y | AT6: 現役 | AU6: R以外
A7: 2505700006 | B7: 57 | C7: 11_神戸校 | D7: 57 | E7: 4.神戸校 | F7: 中野 太嗣 | G7: ﾅｶﾉ ﾓﾄﾂｸﾞ | H7: 1 | I7: 781-0270 | J7: 高知県 | K7: 2025 | L7: 2025 | M7: 45598 | N7: H04 | O7: 57 | P7: 645 | Q7: 独立経営専攻コース | R7: 2 | S7: 3 | T7: ビジネス系 | U7: 4 | V7: 2580082 | W7: 0 | Z7: S | AA7: 45635 | AB7: 25 | AC7: 80082 | AD7: 57 | AE7: 11_神戸校 | AF7: 57 | AG7: 4.神戸校 | AH7: H04 | AI7: 57 | AJ7: 645 | AL7: 39008 | AM7: 私立 | AN7: 高知 | AO7: 39 | AP7: 高知 | AQ7: 0 | AR7: Y | AT7: 現役 | AU7: R以外
A8: 2505700007 | B8: 57 | C8: 11_神戸校 | D8: 57 | E8: 4.神戸校 | F8: 中谷 夢大 | G8: ﾅｶﾀﾆ ﾕｳﾀﾞｲ | H8: 1 | I8: 653-0811 | J8: 兵庫県 | K8: 2025 | L8: 2025 | M8: 45603 | N8: H04 | O8: 57 | P8: 645 | Q8: 独立経営専攻コース | R8: 2 | S8: 3 | T8: ビジネス系 | U8: 4 | V8: 2580084 | W8: 0 | Z8: S | AA8: 45636 | AB8: 25 | AC8: 80084 | AD8: 57 | AE8: 11_神戸校 | AF8: 57 | AG8: 4.神戸校 | AH8: H04 | AI8: 57 | AJ8: 645 | AL8: 28040 | AM8: 私立 | AN8: 神戸龍谷 | AO8: 28 | AP8: 兵庫 | AQ8: 0 | AR8: Y | AT8: 現役 | AU8: R以外
A9: 2505700008 | B9: 57 | C9: 11_神戸校 | D9: 57 | E9: 4.神戸校 | F9: 石田 龍之介 | G9: ｲｼﾀﾞ ﾘｭｳﾉｽｹ | H9: 1 | I9: 657-0855 | J9: 兵庫県 | K9: 2025 | L9: 2025 | M9: 45612 | N9: H04 | O9: 2ｱ | P9: 428 | Q9: 消防官コース | R9: 1 | S9: 2 | T9: 公務員 | U9: 1 | V9: 2580079 | W9: 0 | Z9: S | AA9: 45631 | AB9: 25 | AC9: 80079 | AD9: 57 | AE9: 11_神戸校 | AF9: 57 | AG9: 4.神戸校 | AH9: H04 | AI9: 2ｱ | AJ9: 428 | AL9: 28233 | AM9: 市立 | AN9: 科学技術 | AO9: 28 | AP9: 兵庫 | AQ9: 0 | AR9: Y | AT9: 現役 | AU9: R以外
A10: 2505700009 | B10: 57 | C10: 11_神戸校 | D10: 57 | E10: 4.神戸校 | F10: 野広 奏 | G10: ﾉﾋﾛ ｶﾅﾃﾞ | H10: 1 | I10: 655-0009 | J10: 兵庫県 | K10: 2025 | L10: 2025 | M10: 45625 | N10: H04 | O10: 2ｱ | P10: 428 | Q10: 消防官コース | R10: 1 | S10: 2 | T10: 公務員 | U10: 1 | V10: 2580090 | W10: 0 | Z10: K | AA10: 45642 | AB10: 25 | AC10: 80090 | AD10: 57 | AE10: 11_神戸校 | AF10: 57 | AG10: 4.神戸校 | AH10: H04 | AI10: 2ｱ | AJ10: 428 | AL10: 28007 | AM10: 県立 | AN10: 舞子 | AO10: 28 | AP10: 兵庫 | AQ10: 0 | AR10: Y | AT10: 現役 | AU10: R以外
A11: 2513150051 | B11: 131 | C11: 17_医療姫路校 | D11: 130 | E11: 7.姫路校 | F11: 上原 優菜 | G11: ｳｴﾊﾗ ﾕｳﾅ | H11: 2 | I11: 671-1143 | J11: 兵庫県 | K11: 2025 | L11: 2025 | M11: 45552 | N11: H04 | O11: 4ｺ | P11: 1044 | Q11: 事務・経理職専攻コース | R11: 2 | S11: 3 | T11: ビジネス系 | U11: 4 | V11: 2522532 | W11: 0 | Z11: O | AA11: 45581 | AB11: 25 | AC11: 22532 | AD11: 131 | AE11: 17_医療姫路校 | AF11: 130 | AG11: 7.姫路校 | AH11: H04 | AI11: 4ｺ | AJ11: 1044 | AL11: 28098 | AM11: 県立 | AN11: 姫路商業 | AO11: 28 | AP11: 兵庫 | AQ11: 0 | AR11: Y | AT11: 現役 | AU11: R以外
A12: 2513150053 | B12: 131 | C12: 17_医療姫路校 | D12: 130 | E12: 7.姫路校 | F12: 置村 さくら | G12: ｵｷﾑﾗ ｻｸﾗ | H12: 2 | I12: 671-1543 | J12: 兵庫県 | K12: 2025 | L12: 2025 | M12: 45582 | N12: H04 | O12: 2ﾕ | P12: 628 | Q12: フィットネストレーナーコース | R12: 2 | S12: 5 | T12: スポーツ系 | U12: 15 | V12: 2522568 | W12: 0 | Z12: O | AA12: 45623 | AB12: 25 | AC12: 22568 | AD12: 131 | AE12: 17_医療姫路校 | AF12: 130 | AG12: 7.姫路校 | AH12: H04 | AI12: 2ﾕ | AJ12: 628 | AL12: 28232 | AM12: 県立 | AN12: 網干（通信制） | AO12: 28 | AP12: 兵庫 | AQ12: 0 | AR12: Y | AT12: 現役 | AU12: R以外
A13: 2513150054 | B13: 131 | C13: 17_医療姫路校 | D13: 130 | E13: 7.姫路校 | F13: 浅尾 美玖 | G13: ｱｻｵ ﾐｸ | H13: 2 | I13: 671-2214 | J13: 兵庫県 | K13: 2025 | L13: 2025 | M13: 45537 | N13: H04 | O13: 7ﾒ | P13: 581 | Q13: ２年制保育士・幼稚園教諭コース | R13: 2 | S13: 10 | T13: 保育系 | U13: 9 | V13: 2522502 | W13: 0 | Z13: O | AA13: 45565 | AB13: 25 | AC13: 22502 | AD13: 131 | AE13: 17_医療姫路校 | AF13: 130 | AG13: 7.姫路校 | AH13: H04 | AI13: 7ﾒ | AJ13: 581 | AL13: 28097 | AM13: 県立 | AN13: 姫路工業 | AO13: 28 | AP13: 兵庫 | AQ13: 0 | AR13: Y | AT13: 現役 | AU13: R以外
A14: 2513150055 | B14: 131 | C14: 17_医療姫路校 | D14: 130 | E14: 7.姫路校 | F14: 名倉 悠大 | G14: ﾅｸﾞﾗ ﾕｳﾀﾞｲ | H14: 1 | I14: 671-2213 | J14: 兵庫県 | K14: 2025 | L14: 2025 | M14: 45537 | N14: H04 | O14: 7ﾒ | P14: 581 | Q14: ２年制保育士・幼稚園教諭コース | R14: 2 | S14: 10 | T14: 保育系 | U14: 9 | V14: 2522522 | W14: 0 | Z14: O | AA14: 45576 | AB14: 25 | AC14: 22522 | AD14: 131 | AE14: 17_医療姫路校 | AF14: 130 | AG14: 7.姫路校 | AH14: H04 | AI14: 7ﾒ | AJ14: 581 | AL14: 28095 | AM14: 私立 | AN14: 東洋大学附属姫路 | AO14: 28 | AP14: 兵庫 | AQ14: 0 | AR14: Y | AT14: 現役 | AU14: R以外
A15: 2513150056 | B15: 131 | C15: 17_医療姫路校 | D15: 130 | E15: 7.姫路校 | F15: 竹中 奏音 | G15: ﾀｹﾅｶ ｶﾉﾝ | H15: 2 | I15: 670-0056 | J15: 兵庫県 | K15: 2025 | L15: 2025 | M15: 45552 | N15: H04 | O15: 4ｺ | P15: 645 | Q15: 独立経営専攻コース | R15: 2 | S15: 3 | T15: ビジネス系 | U15: 4 | V15: 2522534 | W15: 0 | Z15: O | AA15: 45583 | AB15: 25 | AC15: 22534 | AD15: 131 | AE15: 17_医療姫路校 | AF15: 130 | AG15: 7.姫路校 | AH15: H04 | AI15: 4ｺ | AJ15: 645 | AL15: 28255 | AM15: 私立 | AN15: おおぞら高等学院姫路キャンパス | AO15: 28 | AP15: 兵庫 | AQ15: 0 | AR15: Y | AT15: 現役 | AU15: R以外
A16: 2513150059 | B16: 131 | C16: 17_医療姫路校 | D16: 130 | E16: 7.姫路校 | F16: 石田 さくら | G16: ｲｼﾀﾞ ｻｸﾗ | H16: 2 | I16: 671-1201 | J16: 兵庫県 | K16: 2025 | L16: 2025 | M16: 45586 | N16: H04 | O16: 4ｺ | P16: 1044 | Q16: 事務・経理職専攻コース | R16: 2 | S16: 3 | T16: ビジネス系 | U16: 4 | V16: 2522558 | W16: 0 | Z16: O | AA16: 45607 | AB16: 25 | AC16: 22558 | AD16: 131 | AE16: 17_医療姫路校 | AF16: 130 | AG16: 7.姫路校 | AH16: H04 | AI16: 4ｺ | AJ16: 1044 | AL16: 28283 | AM16: 私立 | AN16: 鹿島朝日高等学校 姫路キャンパス | AO16: 28 | AP16: 兵庫 | AQ16: 0 | AR16: Y | AT16: 現役 | AU16: R以外
A17: 2513150061 | B17: 131 | C17: 17_医療姫路校 | D17: 130 | E17: 7.姫路校 | F17: 塚本 琉以 | G17: ﾂｶﾓﾄ ﾙｲ | H17: 1 | I17: 671-2517 | J17: 兵庫県 | K17: 2025 | L17: 2025 | M17: 45589 | N17: H04 | O17: 7ﾗ | P17: 260 | Q17: 公務員＆民間就職コース | R17: 2 | S17: 2 | T17: 公務員 | U17: 1 | V17: 2522553 | W17: 0 | Z17: O | AA17: 45602 | AB17: 25 | AC17: 22553 | AD17: 131 | AE17: 17_医療姫路校 | AF17: 130 | AG17: 7.姫路校 | AH17: H04 | AI17: 7ﾗ | AJ17: 260 | AL17: 28168 | AM17: 県立 | AN17: 山崎 | AO17: 28 | AP17: 兵庫 | AQ17: 0 | AR17: Y | AT17: 現役 | AU17: R以外
A18: 2513150062 | B18: 131 | C18: 17_医療姫路校 | D18: 130 | E18: 7.姫路校 | F18: 小国 奏 | G18: ｵｸﾞﾆ ｶﾅﾃﾞ | H18: 2 | I18: 679-4016 | J18: 兵庫県 | K18: 2025 | L18: 2025 | M18: 45593 | N18: H04 | O18: 7ﾗ | P18: 968 | Q18: 市役所・町役場等初級レベル | R18: 2 | S18: 2 | T18: 公務員 | U18: 1 | V18: 2522587 | W18: 0 | Z18: O | AA18: 45672 | AB18: 25 | AC18: 22587 | AD18: 131 | AE18: 17_医療姫路校 | AF18: 130 | AG18: 7.姫路校 | AH18: H04 | AI18: 7ﾗ | AJ18: 968 | AL18: 28017 | AM18: 私立 | AN18: 神戸常盤女子 | AO18: 28 | AP18: 兵庫 | AQ18: 0 | AR18: Y | AT18: 現役 | AU18: R以外
A19: 2513150064 | B19: 131 | C19: 17_医療姫路校 | D19: 130 | E19: 7.姫路校 | F19: 千本 健翔 | G19: ﾁﾓﾄ ｹﾝｼｮｳ | H19: 1 | I19: 671-2542 | J19: 兵庫県 | K19: 2025 | L19: 2025 | M19: 45554 | N19: H04 | O19: 7ﾗ | P19: 428 | Q19: 消防官コース | R19: 2 | S19: 2 | T19: 公務員 | U19: 1 | V19: 0 | W19: 0 | Y19: 45609 | Z19: O | AB19: 0 | AC19: 0 | AD19: 0 | AE19: 0_未手続 | AG19: 0_未手続 | AJ19: 0 | AK19: K | AL19: 28169 | AM19: 県立 | AN19: 千種 | AO19: 28 | AP19: 兵庫 | AQ19: 0 | AR19: Y | AT19: 現役 | AU19: R以外
A20: 2513150065 | B20: 131 | C20: 17_医療姫路校 | D20: 130 | E20: 7.姫路校 | F20: 飯田 夏実 | G20: ｲｲﾀﾞ ﾅﾂﾐ | H20: 2 | I20: 671-4122 | J20: 兵庫県 | K20: 2025 | L20: 2025 | M20: 45552 | N20: H04 | O20: 4ｺ | P20: 1044 | Q20: 事務・経理職専攻コース | R20: 2 | S20: 3 | T20: ビジネス系 | U20: 4 | V20: 2522542 | W20: 0 | Z20: O | AA20: 45595 | AB20: 25 | AC20: 22542 | AD20: 131 | AE20: 17_医療姫路校 | AF20: 130 | AG20: 7.姫路校 | AH20: H04 | AI20: 4ｺ | AJ20: 1044 | AL20: 28170 | AM20: 県立 | AN20: 伊和 | AO20: 28 | AP20: 兵庫 | AQ20: 0 | AR20: Y | AT20: 現役 | AU20: R以外
A21: 2513150066 | B21: 131 | C21: 17_医療姫路校 | D21: 130 | E21: 7.姫路校 | F21: 大谷 謙心 | G21: ｵｵﾀﾆ ｹﾝｼﾝ | H21: 1 | I21: 672-8082 | J21: 兵庫県 | K21: 2025 | L21: 2025 | M21: 45544 | N21: H04 | O21: 2ﾕ | P21: 502 | Q21: スポーツトレーナーコース | R21: 2 | S21: 5 | T21: スポーツ系 | U21: 15 | V21: 2522528 | W21: 0 | Z21: O | AA21: 45580 | AB21: 25 | AC21: 22528 | AD21: 131 | AE21: 17_医療姫路校 | AF21: 130 | AG21: 7.姫路校 | AH21: H04 | AI21: 2ﾕ | AJ21: 502 | AL21: 28095 | AM21: 私立 | AN21: 東洋大学附属姫路 | AO21: 28 | AP21: 兵庫 | AQ21: 0 | AR21: Y | AT21: 現役 | AU21: R以外
A22: 2513150067 | B22: 131 | C22: 17_医療姫路校 | D22: 130 | E22: 7.姫路校 | F22: 石田 叶禄 | G22: ｲｼﾀﾞ ｶﾛｸ | H22: 1 | I22: 671-2244 | J22: 兵庫県 | K22: 2025 | L22: 2025 | M22: 45548 | N22: H04 | O22: 2ﾕ | P22: 502 | Q22: スポーツトレーナーコース | R22: 2 | S22: 5 | T22: スポーツ系 | U22: 15 | V22: 2522523 | W22: 166 | X22: アスリートフード専攻 | Z22: O | AA22: 45580 | AB22: 25 | AC22: 22523 | AD22: 131 | AE22: 17_医療姫路校 | AF22: 130 | AG22: 7.姫路校 | AH22: H04 | AI22: 2ﾕ | AJ22: 502 | AL22: 28095 | AM22: 私立 | AN22: 東洋大学附属姫路 | AO22: 28 | AP22: 兵庫 | AQ22: 0 | AR22: Y | AT22: 現役 | AU22: R以外
A23: 2513150068 | B23: 131 | C23: 17_医療姫路校 | D23: 130 | E23: 7.姫路校 | F23: 岡本 康生 | G23: ｵｶﾓﾄ ｺｳｾｲ | H23: 1 | I23: 672-8043 | J23: 兵庫県 | K23: 2025 | L23: 2025 | M23: 45538 | N23: H04 | O23: 7ﾒ | P23: 581 | Q23: ２年制保育士・幼稚園教諭コース | R23: 2 | S23: 10 | T23: 保育系 | U23: 9 | V23: 2522512 | W23: 0 | Z23: O | AA23: 45568 | AB23: 25 | AC23: 22512 | AD23: 131 | AE23: 17_医療姫路校 | AF23: 130 | AG23: 7.姫路校 | AH23: H04 | AI23: 7ﾒ | AJ23: 581 | AL23: 28247 | AM23: 県立 | AN23: 龍野北 | AO23: 28 | AP23: 兵庫 | AQ23: 0 | AR23: Y | AT23: 現役 | AU23: R以外
A24: 2513150069 | B24: 131 | C24: 17_医療姫路校 | D24: 130 | E24: 7.姫路校 | F24: 中川 弥音 | G24: ﾅｶｶﾞﾜ ﾐｵﾄ | H24: 2 | I24: 700-0831 | J24: 岡山県 | K24: 2025 | L24: 2025 | M24: 45572 | N24: H04 | O24: 7ﾒ | P24: 581 | Q24: ２年制保育士・幼稚園教諭コース | R24: 2 | S24: 10 | T24: 保育系 | U24: 9 | V24: 0 | W24: 0 | Y24: 45678 | Z24: O | AB24: 0 | AC24: 0 | AD24: 0 | AE24: 0_未手続 | AG24: 0_未手続 | AJ24: 0 | AK24: Y | AL24: 33018 | AM24: 県立 | AN24: 岡山南 | AO24: 33 | AP24: 岡山 | AQ24: 0 | AR24: Y | AT24: 現役 | AU24: R以外
A25: 2513150070 | B25: 131 | C25: 17_医療姫路校 | D25: 130 | E25: 7.姫路校 | F25: 伊藤 瑛那 | G25: ｲﾄｳ ｱｷﾅ | H25: 2 | I25: 671-4105 | J25: 兵庫県 | K25: 2025 | L25: 2025 | M25: 45541 | N25: H04 | O25: 7ﾒ | P25: 1680 | Q25: ２年制こども保育士コース | R25: 2 | S25: 10 | T25: 保育系 | U25: 9 | V25: 2522597 | W25: 0 | Z25: O | AA25: 45688 | AB25: 25 | AC25: 22597 | AD25: 131 | AE25: 17_医療姫路校 | AF25: 130 | AG25: 7.姫路校 | AH25: H04 | AI25: 7ﾒ | AJ25: 1680 | AL25: 28168 | AM25: 県立 | AN25: 山崎 | AO25: 28 | AP25: 兵庫 | AQ25: 0 | AR25: Y | AT25: 現役 | AU25: R以外
A26: 2513150071 | B26: 131 | C26: 17_医療姫路校 | D26: 130 | E26: 7.姫路校 | F26: 浅見 航輝 | G26: ｱｻﾐ ｺｳｷ | H26: 1 | I26: 671-0101 | J26: 兵庫県 | K26: 2025 | L26: 2025 | M26: 45552 | N26: H04 | O26: 4ｺ | P26: 969 | Q26: ＩＴビジネス専攻コース | R26: 2 | S26: 3 | T26: ビジネス系 | U26: 4 | V26: 2522527 | W26: 0 | Z26: O | AA26: 45580 | AB26: 25 | AC26: 22527 | AD26: 131 | AE26: 17_医療姫路校 | AF26: 130 | AG26: 7.姫路校 | AH26: H04 | AI26: 4ｺ | AJ26: 969 | AL26: 28330 | AM26: 私立 | AN26: Ｎ高等学校 姫路キャンパス | AO26: 28 | AP26: 兵庫 | AQ26: 0 | AR26: Y | AT26: 現役 | AU26: R以外
A27: 2513150072 | B27: 131 | C27: 17_医療姫路校 | D27: 130 | E27: 7.姫路校 | F27: 田淵 雄希 | G27: ﾀﾌﾞﾁ ﾕｳｷ | H27: 1 | I27: 674-0091 | J27: 兵庫県 | K27: 2025 | L27: 2025 | M27: 45544 | N27: H04 | O27: 7ﾘ | P27: 427 | Q27: 警察官コース | R27: 1 | S27: 2 | T27: 公務員 | U27: 1 | V27: 0 | W27: 0 | Y27: 45572 | Z27: O | AB27: 0 | AC27: 0 | AD27: 0 | AE27: 0_未手続 | AG27: 0_未手続 | AJ27: 0 | AK27: K | AL27: 28185 | AM27: 県立 | AN27: 明石清水 | AO27: 28 | AP27: 兵庫 | AQ27: 0 | AR27: Y | AT27: 現役 | AU27: R以外
A28: 2513150073 | B28: 131 | C28: 17_医療姫路校 | D28: 130 | E28: 7.姫路校 | F28: 宮﨑 夏帆 | G28: ﾐﾔｻﾞｷ ｶﾎ | H28: 2 | I28: 679-2414 | J28: 兵庫県 | K28: 2025 | L28: 2025 | M28: 45537 | N28: H04 | O28: 2ﾕ | P28: 870 | Q28: こどもスポーツコース | R28: 2 | S28: 5 | T28: スポーツ系 | U28: 15 | V28: 2522513 | W28: 0 | Z28: O | AA28: 45572 | AB28: 25 | AC28: 22513 | AD28: 131 | AE28: 17_医療姫路校 | AF28: 130 | AG28: 7.姫路校 | AH28: H04 | AI28: 2ﾕ | AJ28: 870 | AL28: 28098 | AM28: 県立 | AN28: 姫路商業 | AO28: 28 | AP28: 兵庫 | AQ28: 0 | AR28: Y | AT28: 現役 | AU28: R以外
A29: 2513150074 | B29: 131 | C29: 17_医療姫路校 | D29: 130 | E29: 7.姫路校 | F29: 福本 匠真 | G29: ﾌｸﾓﾄ ﾀｸﾏ | H29: 1 | I29: 672-8083 | J29: 兵庫県 | K29: 2025 | L29: 2025 | M29: 45544 | N29: H04 | O29: 2ﾕ | P29: 502 | Q29: スポーツトレーナーコース | R29: 2 | S29: 5 | T29: スポーツ系 | U29: 15 | V29: 2522580 | W29: 0 | Z29: O | AA29: 45649 | AB29: 25 | AC29: 22580 | AD29: 131 | AE29: 17_医療姫路校 | AF29: 130 | AG29: 7.姫路校 | AH29: H04 | AI29: 2ﾕ | AJ29: 502 | AL29: 28094 | AM29: 私立 | AN29: 市川 | AO29: 28 | AP29: 兵庫 | AQ29: 0 | AR29: Y | AT29: 現役 | AU29: R以外
A30: 2513150075 | B30: 131 | C30: 17_医療姫路校 | D30: 130 | E30: 7.姫路校 | F30: 萬谷 陸 | G30: ﾏﾝﾀﾆ ﾘｸ | H30: 1 | I30: 671-0111 | J30: 兵庫県 | K30: 2025 | L30: 2025 | M30: 45568 | N30: H04 | O30: 2ﾕ | P30: 502 | Q30: スポーツトレーナーコース | R30: 2 | S30: 5 | T30: スポーツ系 | U30: 15 | V30: 2522579 | W30: 0 | Z30: O | AA30: 45649 | AB30: 25 | AC30: 22579 | AD30: 131 | AE30: 17_医療姫路校 | AF30: 130 | AG30: 7.姫路校 | AH30: H04 | AI30: 2ﾕ | AJ30: 502 | AL30: 28157 | AM30: 市立 | AN30: 飾磨 | AO30: 28 | AP30: 兵庫 | AQ30: 0 | AR30: Y | AT30: 現役 | AU30: R以外
A31: 2513150076 | B31: 131 | C31: 17_医療姫路校 | D31: 130 | E31: 7.姫路校 | F31: 向島 達也 | G31: ﾑｺｳｼﾞﾏ ﾀﾂﾔ | H31: 1 | I31: 670-0996 | J31: 兵庫県 | K31: 2025 | L31: 2025 | M31: 45572 | N31: H04 | O31: 4ｺ | P31: 1044 | Q31: 事務・経理職専攻コース | R31: 2 | S31: 3 | T31: ビジネス系 | U31: 4 | V31: 2522600 | W31: 0 | Z31: O | AA31: 45692 | AB31: 25 | AC31: 22600 | AD31: 131 | AE31: 17_医療姫路校 | AF31: 130 | AG31: 7.姫路校 | AH31: H04 | AI31: 4ｺ | AJ31: 1044 | AL31: 28240 | AM31: 県立 | AN31: 姫路北（定時制） | AO31: 28 | AP31: 兵庫 | AQ31: 0 | AR31: Y | AT31: 現役 | AU31: R以外
A32: 2513150077 | B32: 131 | C32: 17_医療姫路校 | D32: 130 | E32: 7.姫路校 | F32: 地神 和 | G32: ﾁｶﾞﾐ ﾉﾄﾞｶ | H32: 2 | I32: 675-0021 | J32: 兵庫県 | K32: 2025 | L32: 2025 | M32: 45572 | N32: H04 | O32: 7ﾘ | P32: 427 | Q32: 警察官コース | R32: 1 | S32: 2 | T32: 公務員 | U32: 1 | V32: 0 | W32: 0 | Y32: 45671 | Z32: O | AB32: 0 | AC32: 0 | AD32: 0 | AE32: 0_未手続 | AG32: 0_未手続 | AJ32: 0 | AK32: K | AL32: 28193 | AM32: 県立 | AN32: 高砂南 | AO32: 28 | AP32: 兵庫 | AQ32: 0 | AR32: Y | AT32: 現役 | AU32: R以外
A33: 2513150080 | B33: 131 | C33: 17_医療姫路校 | D33: 130 | E33: 7.姫路校 | F33: 杉岡 凰太 | G33: ｽｷﾞｵｶ ｺｳﾀ | H33: 1 | I33: 719-0302 | J33: 岡山県 | K33: 2025 | L33: 2025 | M33: 45567 | N33: H04 | O33: 2ﾕ | P33: 112 | Q33: スポーツインストラクターコース | R33: 2 | S33: 5 | T33: スポーツ系 | U33: 15 | V33: 2522584 | W33: 0 | Z33: O | AA33: 45667 | AB33: 25 | AC33: 22584 | AD33: 131 | AE33: 17_医療姫路校 | AF33: 130 | AG33: 7.姫路校 | AH33: H04 | AI33: 2ﾕ | AJ33: 112 | AL33: 33076 | AM33: 私立 | AN33: 岡山龍谷 | AO33: 33 | AP33: 岡山 | AQ33: 0 | AR33: Y | AT33: 現役 | AU33: R以外
A34: 2513150082 | B34: 131 | C34: 17_医療姫路校 | D34: 130 | E34: 7.姫路校 | F34: 林 英汰 | G34: ﾊﾔｼ ｴｲﾀ | H34: 1 | I34: 670-0947 | J34: 兵庫県 | K34: 2025 | L34: 2025 | M34: 45596 | N34: H04 | O34: 7ﾘ | P34: 427 | Q34: 警察官コース | R34: 1 | S34: 2 | T34: 公務員 | U34: 1 | V34: 0 | W34: 0 | Y34: 45672 | Z34: O | AB34: 0 | AC34: 0 | AD34: 0 | AE34: 0_未手続 | AG34: 0_未手続 | AJ34: 0 | AK34: K | AL34: 28098 | AM34: 県立 | AN34: 姫路商業 | AO34: 28 | AP34: 兵庫 | AQ34: 0 | AR34: Y | AT34: 現役 | AU34: R以外
A35: 2513150084 | B35: 131 | C35: 17_医療姫路校 | D35: 130 | E35: 7.姫路校 | F35: 小野 夏碧 | G35: ｵﾉ ﾅﾂﾐ | H35: 2 | I35: 671-1573 | J35: 兵庫県 | K35: 2025 | L35: 2025 | M35: 45573 | N35: H04 | O35: 7ﾗ | P35: 785 | Q35: 学校事務・警察事務職員コース | R35: 2 | S35: 2 | T35: 公務員 | U35: 1 | V35: 0 | W35: 0 | Y35: 45614 | Z35: O | AB35: 0 | AC35: 0 | AD35: 0 | AE35: 0_未手続 | AG35: 0_未手続 | AJ35: 0 | AK35: K | AL35: 28177 | AM35: 県立 | AN35: 姫路南 | AO35: 28 | AP35: 兵庫 | AQ35: 0 | AR35: Y | AT35: 現役 | AU35: R以外
A36: 2513150085 | B36: 131 | C36: 17_医療姫路校 | D36: 130 | E36: 7.姫路校 | F36: 竹山 羽琉 | G36: ﾀｹﾔﾏ ﾊﾙ | H36: 1 | I36: 678-0091 | J36: 兵庫県 | K36: 2025 | L36: 2025 | M36: 45588 | N36: H04 | O36: 7ﾗ | P36: 968 | Q36: 市役所・町役場等初級レベル | R36: 2 | S36: 2 | T36: 公務員 | U36: 1 | V36: 0 | W36: 0 | Y36: 45729 | Z36: O | AB36: 0 | AC36: 0 | AD36: 0 | AE36: 0_未手続 | AG36: 0_未手続 | AJ36: 0 | AK36: K | AL36: 28178 | AM36: 県立 | AN36: 太子 | AO36: 28 | AP36: 兵庫 | AQ36: 0 | AR36: Y | AT36: 現役 | AU36: R以外
A37: 2513150086 | B37: 131 | C37: 17_医療姫路校 | D37: 130 | E37: 7.姫路校 | F37: 平岡 圭人 | G37: ﾋﾗｵｶ ｹｲﾄ | H37: 1 | I37: 679-4008 | J37: 兵庫県 | K37: 2025 | L37: 2025 | M37: 45559 | N37: H04 | O37: 4ｺ | P37: 1756 | Q37: マーケティングビジネス専攻 | R37: 2 | S37: 3 | T37: ビジネス系 | U37: 4 | V37: 2522520 | W37: 0 | Z37: O | AA37: 45576 | AB37: 25 | AC37: 22520 | AD37: 131 | AE37: 17_医療姫路校 | AF37: 130 | AG37: 7.姫路校 | AH37: H04 | AI37: 4ｺ | AJ37: 1756 | AL37: 28178 | AM37: 県立 | AN37: 太子 | AO37: 28 | AP37: 兵庫 | AQ37: 0 | AR37: Y | AT37: 現役 | AU37: R以外
A38: 2513150087 | B38: 131 | C38: 17_医療姫路校 | D38: 130 | E38: 7.姫路校 | F38: 長尾 想 | G38: ﾅｶﾞｵ ｺｺﾛ | H38: 2 | I38: 676-0082 | J38: 兵庫県 | K38: 2025 | L38: 2025 | M38: 45544 | N38: H04 | O38: 2ﾕ | P38: 112 | Q38: スポーツインストラクターコース | R38: 2 | S38: 5 | T38: スポーツ系 | U38: 15 | V38: 2522607 | W38: 0 | Z38: O | AA38: 45708 | AB38: 25 | AC38: 22607 | AD38: 131 | AE38: 17_医療姫路校 | AF38: 130 | AG38: 7.姫路校 | AH38: H04 | AI38: 2ﾕ | AJ38: 112 | AL38: 28107 | AM38: 県立 | AN38: 松陽 | AO38: 28 | AP38: 兵庫 | AQ38: 0 | AR38: Y | AT38: 現役 | AU38: R以外
A39: 2513150088 | B39: 131 | C39: 17_医療姫路校 | D39: 130 | E39: 7.姫路校 | F39: 吉田 真雪 | G39: ﾖｼﾀﾞ ﾏﾕ | H39: 2 | I39: 671-1102 | J39: 兵庫県 | K39: 2025 | L39: 2025 | M39: 45586 | N39: H04 | O39: 7ﾒ | P39: 581 | Q39: ２年制保育士・幼稚園教諭コース | R39: 2 | S39: 10 | T39: 保育系 | U39: 9 | V39: 2522560 | W39: 0 | Z39: O | AA39: 45607 | AB39: 25 | AC39: 22560 | AD39: 131 | AE39: 17_医療姫路校 | AF39: 130 | AG39: 7.姫路校 | AH39: H04 | AI39: 7ﾒ | AJ39: 581 | AL39: 28107 | AM39: 県立 | AN39: 松陽 | AO39: 28 | AP39: 兵庫 | AQ39: 0 | AR39: Y | AT39: 現役 | AU39: R以外
A40: 2513150090 | B40: 131 | C40: 17_医療姫路校 | D40: 130 | E40: 7.姫路校 | F40: 柿原 洸太 | G40: ｶｷﾊﾗ ｺｳﾀ | H40: 1 | I40: 674-0094 | J40: 兵庫県 | K40: 2025 | L40: 2025 | M40: 45555 | N40: H04 | O40: 7ﾗ | P40: 428 | Q40: 消防官コース | R40: 2 | S40: 2 | T40: 公務員 | U40: 1 | V40: 0 | W40: 0 | Y40: 45716 | Z40: O | AB40: 0 | AC40: 0 | AD40: 0 | AE40: 0_未手続 | AG40: 0_未手続 | AJ40: 0 | AK40: K | AL40: 28107 | AM40: 県立 | AN40: 松陽 | AO40: 28 | AP40: 兵庫 | AQ40: 0 | AR40: Y | AT40: 現役 | AU40: R以外
A41: 2513150091 | B41: 131 | C41: 17_医療姫路校 | D41: 130 | E41: 7.姫路校 | F41: 大神 煌成 | G41: ｵｵｶﾞﾐ ｶﾅﾙ | H41: 1 | I41: 675-0162 | J41: 兵庫県 | K41: 2025 | L41: 2025 | M41: 45594 | N41: H04 | O41: 7ﾗ | P41: 968 | Q41: 市役所・町役場等初級レベル | R41: 2 | S41: 2 | T41: 公務員 | U41: 1 | V41: 2522602 | W41: 0 | Z41: O | AA41: 45694 | AB41: 25 | AC41: 22602 | AD41: 131 | AE41: 17_医療姫路校 | AF41: 130 | AG41: 7.姫路校 | AH41: H04 | AI41: 7ﾗ | AJ41: 968 | AL41: 28205 | AM41: 県立 | AN41: 播磨南 | AO41: 28 | AP41: 兵庫 | AQ41: 0 | AR41: Y | AT41: 現役 | AU41: R以外
A42: 2513150095 | B42: 131 | C42: 17_医療姫路校 | D42: 130 | E42: 7.姫路校 | F42: 山﨑 珠璃 | G42: ﾔﾏｻｷ ｼｭﾘ | H42: 1 | I42: 671-1213 | J42: 兵庫県 | K42: 2025 | L42: 2025 | M42: 45537 | N42: H04 | O42: 7ﾗ | P42: 428 | Q42: 消防官コース | R42: 2 | S42: 2 | T42: 公務員 | U42: 1 | V42: 2522514 | W42: 0 | Z42: O | AA42: 45572 | AB42: 25 | AC42: 22514 | AD42: 131 | AE42: 17_医療姫路校 | AF42: 130 | AG42: 7.姫路校 | AH42: H04 | AI42: 7ﾗ | AJ42: 428 | AL42: 28174 | AM42: 県立 | AN42: 相生産業 | AO42: 28 | AP42: 兵庫 | AQ42: 0 | AR42: Y | AT42: 現役 | AU42: R以外
A43: 2513150096 | B43: 131 | C43: 17_医療姫路校 | D43: 130 | E43: 7.姫路校 | F43: 芝岡 海莉 | G43: ｼﾊﾞｵｶ ｶｲﾘ | H43: 1 | I43: 680-0872 | J43: 鳥取県 | K43: 2025 | L43: 2025 | M43: 45559 | N43: H04 | O43: 7ﾗ | P43: 968 | Q43: 市役所・町役場等初級レベル | R43: 2 | S43: 2 | T43: 公務員 | U43: 1 | V43: 2522509 | W43: 0 | Z43: O | AA43: 45568 | AB43: 25 | AC43: 22509 | AD43: 131 | AE43: 17_医療姫路校 | AF43: 130 | AG43: 7.姫路校 | AH43: H04 | AI43: 7ﾗ | AJ43: 968 | AL43: 31006 | AM43: 私立 | AN43: 鳥取城北 | AO43: 31 | AP43: 鳥取 | AQ43: 0 | AR43: Y | AT43: 現役 | AU43: R以外
A44: 2513150099 | B44: 131 | C44: 17_医療姫路校 | D44: 130 | E44: 7.姫路校 | F44: 曾谷 優果 | G44: ｿﾀﾆ ﾕｳｶ | H44: 2 | I44: 671-1106 | J44: 兵庫県 | K44: 2025 | L44: 2025 | M44: 45572 | N44: H04 | O44: 7ﾗ | P44: 859 | Q44: 裁判所・検察庁・税務署職員 | R44: 2 | S44: 2 | T44: 公務員 | U44: 1 | V44: 0 | W44: 0 | Y44: 45681 | Z44: O | AB44: 0 | AC44: 0 | AD44: 0 | AE44: 0_未手続 | AG44: 0_未手続 | AJ44: 0 | AK44: K | AL44: 28098 | AM44: 県立 | AN44: 姫路商業 | AO44: 28 | AP44: 兵庫 | AQ44: 0 | AR44: Y | AT44: 現役 | AU44: R以外
A45: 2513150100 | B45: 131 | C45: 17_医療姫路校 | D45: 130 | E45: 7.姫路校 | F45: 重山 晟帆 | G45: ｼｹﾞﾔﾏ ｱｷﾎ | H45: 2 | I45: 679-2131 | J45: 兵庫県 | K45: 2025 | L45: 2025 | M45: 45565 | N45: H04 | O45: 4ｺ | P45: 1044 | Q45: 事務・経理職専攻コース | R45: 2 | S45: 3 | T45: ビジネス系 | U45: 4 | V45: 2522593 | W45: 0 | Z45: O | AA45: 45686 | AB45: 25 | AC45: 22593 | AD45: 131 | AE45: 17_医療姫路校 | AF45: 130 | AG45: 7.姫路校 | AH45: H04 | AI45: 4ｺ | AJ45: 1044 | AL45: 28091 | AM45: 私立 | AN45: 姫路女学院 | AO45: 28 | AP45: 兵庫 | AQ45: 0 | AR45: Y | AT45: 現役 | AU45: R以外
A46: 2513150102 | B46: 131 | C46: 17_医療姫路校 | D46: 130 | E46: 7.姫路校 | F46: 中井 かん菜 | G46: ﾅｶｲ ｶﾝﾅ | H46: 2 | I46: 689-3104 | J46: 鳥取県 | K46: 2025 | L46: 2025 | M46: 45559 | N46: H04 | O46: 4ｺ | P46: 121 | Q46: 医療事務コース | R46: 2 | S46: 8 | T46: 医療事務系 | U46: 6 | V46: 2522517 | W46: 0 | Z46: O | AA46: 45576 | AB46: 25 | AC46: 22517 | AD46: 131 | AE46: 17_医療姫路校 | AF46: 130 | AG46: 7.姫路校 | AH46: H04 | AI46: 4ｺ | AJ46: 121 | AL46: 31015 | AM46: 県立 | AN46: 米子 | AO46: 31 | AP46: 鳥取 | AQ46: 0 | AR46: Y | AT46: 現役 | AU46: R以外
A47: 2513150103 | B47: 131 | C47: 17_医療姫路校 | D47: 130 | E47: 7.姫路校 | F47: 青木 陽大 | G47: ｱｵｷ ﾊﾙﾄ | H47: 1 | I47: 676-0013 | J47: 兵庫県 | K47: 2025 | L47: 2025 | M47: 45547 | N47: H04 | O47: 7ﾗ | P47: 428 | Q47: 消防官コース | R47: 2 | S47: 2 | T47: 公務員 | U47: 1 | V47: 2522598 | W47: 0 | Z47: O | AA47: 45692 | AB47: 25 | AC47: 22598 | AD47: 131 | AE47: 17_医療姫路校 | AF47: 130 | AG47: 7.姫路校 | AH47: H04 | AI47: 7ﾗ | AJ47: 428 | AK47: K | AL47: 28103 | AM47: 県立 | AN47: 高砂 | AO47: 28 | AP47: 兵庫 | AQ47: 0 | AR47: Y | AT47: 現役 | AU47: R以外
A48: 2513150104 | B48: 131 | C48: 17_医療姫路校 | D48: 130 | E48: 7.姫路校 | F48: 鯨 暁斗 | G48: ｸｼﾞﾗ ｱｷﾄ | H48: 1 | I48: 675-0112 | J48: 兵庫県 | K48: 2025 | L48: 2025 | M48: 45587 | N48: H04 | O48: 7ﾗ | P48: 428 | Q48: 消防官コース | R48: 2 | S48: 2 | T48: 公務員 | U48: 1 | V48: 2522574 | W48: 0 | Z48: O | AA48: 45643 | AB48: 25 | AC48: 22574 | AD48: 131 | AE48: 17_医療姫路校 | AF48: 130 | AG48: 7.姫路校 | AH48: H04 | AI48: 7ﾘ | AJ48: 428 | AK48: K | AL48: 28103 | AM48: 県立 | AN48: 高砂 | AO48: 28 | AP48: 兵庫 | AQ48: 0 | AR48: Y | AT48: 現役 | AU48: R以外
A49: 2513150106 | B49: 131 | C49: 17_医療姫路校 | D49: 130 | E49: 7.姫路校 | F49: 泉 総一郎 | G49: ｲｽﾞﾐ ｿｳｲﾁﾛｳ | H49: 1 | I49: 676-0011 | J49: 兵庫県 | K49: 2025 | L49: 2025 | M49: 45597 | N49: H04 | O49: 7ﾗ | P49: 427 | Q49: 警察官コース | R49: 2 | S49: 2 | T49: 公務員 | U49: 1 | V49: 2522627 | W49: 0 | Z49: O | AA49: 45749 | AB49: 25 | AC49: 22627 | AD49: 131 | AE49: 17_医療姫路校 | AF49: 130 | AG49: 7.姫路校 | AH49: H04 | AI49: 7ﾗ | AJ49: 427 | AK49: K | AL49: 28024 | AM49: 私立 | AN49: 神港学園 | AO49: 28 | AP49: 兵庫 | AQ49: 0 | AR49: Y | AT49: 現役 | AU49: R以外
A50: 2513150107 | B50: 131 | C50: 17_医療姫路校 | D50: 130 | E50: 7.姫路校 | F50: 萩原 櫂人 | G50: ﾊｷﾞﾜﾗ ｶｲﾄ | H50: 1 | I50: 671-2103 | J50: 兵庫県 | K50: 2025 | L50: 2025 | M50: 45588 | N50: H04 | O50: 7ﾗ | P50: 427 | Q50: 警察官コース | R50: 2 | S50: 2 | T50: 公務員 | U50: 1 | V50: 2522608 | W50: 0 | Z50: O | AA50: 45715 | AB50: 25 | AC50: 22608 | AD50: 131 | AE50: 17_医療姫路校 | AF50: 130 | AG50: 7.姫路校 | AH50: H04 | AI50: 7ﾗ | AJ50: 427 | AK50: K | AL50: 28087 | AM50: 県立 | AN50: 夢前 | AO50: 28 | AP50: 兵庫 | AQ50: 0 | AR50: Y | AT50: 現役 | AU50: R以外
A51: 2513150108 | B51: 131 | C51: 17_医療姫路校 | D51: 130 | E51: 7.姫路校 | F51: 服部 翔大 | G51: ﾊｯﾄﾘ ｼｮｳﾀ | H51: 1 | I51: 671-0232 | J51: 兵庫県 | K51: 2025 | L51: 2025 | M51: 45552 | N51: H04 | O51: 7ﾗ | P51: 260 | Q51: 公務員＆民間就職コース | R51: 2 | S51: 2 | T51: 公務員 | U51: 1 | V51: 2522572 | W51: 0 | Z51: O | AA51: 45629 | AB51: 25 | AC51: 22572 | AD51: 131 | AE51: 17_医療姫路校 | AF51: 130 | AG51: 7.姫路校 | AH51: H04 | AI51: 7ﾗ | AJ51: 260 | AL51: 28094 | AM51: 私立 | AN51: 市川 | AO51: 28 | AP51: 兵庫 | AQ51: 0 | AR51: Y | AT51: 現役 | AU51: R以外
A52: 2513150109 | B52: 131 | C52: 17_医療姫路校 | D52: 130 | E52: 7.姫路校 | F52: 野田 小晴 | G52: ﾉﾀﾞ ｺﾊﾙ | H52: 2 | I52: 679-2132 | J52: 兵庫県 | K52: 2025 | L52: 2025 | M52: 45572 | N52: H04 | O52: 7ﾘ | P52: 857 | Q52: 府庁・県庁等初級レベルコース | R52: 1 | S52: 2 | T52: 公務員 | U52: 1 | V52: 0 | W52: 0 | Y52: 45646 | Z52: O | AB52: 0 | AC52: 0 | AD52: 0 | AE52: 0_未手続 | AG52: 0_未手続 | AJ52: 0 | AK52: K | AL52: 28200 | AM52: 県立 | AN52: 加古川南 | AO52: 28 | AP52: 兵庫 | AQ52: 0 | AR52: Y | AT52: 現役 | AU52: R以外
A53: 2513150111 | B53: 131 | C53: 17_医療姫路校 | D53: 130 | E53: 7.姫路校 | F53: 澤部 駿 | G53: ｻﾜﾍﾞ ｼｭﾝ | H53: 1 | I53: 671-2222 | J53: 兵庫県 | K53: 2025 | L53: 2025 | M53: 45562 | N53: H04 | O53: 7ﾗ | P53: 968 | Q53: 市役所・町役場等初級レベル | R53: 2 | S53: 2 | T53: 公務員 | U53: 1 | V53: 2522543 | W53: 0 | Z53: O | AA53: 45595 | AB53: 25 | AC53: 22543 | AD53: 131 | AE53: 17_医療姫路校 | AF53: 130 | AG53: 7.姫路校 | AH53: H04 | AI53: 7ﾗ | AJ53: 968 | AL53: 28098 | AM53: 県立 | AN53: 姫路商業 | AO53: 28 | AP53: 兵庫 | AQ53: 0 | AR53: Y | AT53: 現役 | AU53: R以外
A54: 2513150112 | B54: 131 | C54: 17_医療姫路校 | D54: 130 | E54: 7.姫路校 | F54: 村田 賢祐 | G54: ﾑﾗﾀ ｹﾝｽｹ | H54: 1 | I54: 671-1145 | J54: 兵庫県 | K54: 2025 | L54: 2025 | M54: 45567 | N54: H04 | O54: 7ﾗ | P54: 428 | Q54: 消防官コース | R54: 2 | S54: 2 | T54: 公務員 | U54: 1 | V54: 2522526 | W54: 0 | Z54: O | AA54: 45580 | AB54: 25 | AC54: 22526 | AD54: 131 | AE54: 17_医療姫路校 | AF54: 130 | AG54: 7.姫路校 | AH54: H04 | AI54: 7ﾗ | AJ54: 428 | AL54: 28095 | AM54: 私立 | AN54: 東洋大学附属姫路 | AO54: 28 | AP54: 兵庫 | AQ54: 0 | AR54: Y | AT54: 現役 | AU54: R以外
A55: 2513150113 | B55: 131 | C55: 17_医療姫路校 | D55: 130 | E55: 7.姫路校 | F55: 桑名 和弥 | G55: ｸﾜﾅ ｶｽﾞﾔ | H55: 1 | I55: 679-2122 | J55: 兵庫県 | K55: 2025 | L55: 2025 | M55: 45554 | N55: H04 | O55: 7ﾗ | P55: 290 | Q55: 公務員総合コース | R55: 2 | S55: 2 | T55: 公務員 | U55: 1 | V55: 2522506 | W55: 0 | Z55: O | AA55: 45565 | AB55: 25 | AC55: 22506 | AD55: 131 | AE55: 17_医療姫路校 | AF55: 130 | AG55: 7.姫路校 | AH55: H04 | AI55: 7ﾗ | AJ55: 290 | AL55: 28144 | AM55: 県立 | AN55: 播磨農業 | AO55: 28 | AP55: 兵庫 | AQ55: 0 | AR55: Y | AT55: 現役 | AU55: R以外
A56: 2513150116 | B56: 131 | C56: 17_医療姫路校 | D56: 130 | E56: 7.姫路校 | F56: 森元 美貴 | G56: ﾓﾘﾓﾄ ﾐｷ | H56: 2 | I56: 670-0086 | J56: 兵庫県 | K56: 2025 | L56: 2025 | M56: 45574 | N56: H04 | O56: 2ﾕ | P56: 504 | Q56: メディカルトレーナーコース | R56: 2 | S56: 5 | T56: スポーツ系 | U56: 15 | V56: 2522555 | W56: 0 | Z56: O | AA56: 45602 | AB56: 25 | AC56: 22555 | AD56: 131 | AE56: 17_医療姫路校 | AF56: 130 | AG56: 7.姫路校 | AH56: H04 | AI56: 2ﾕ | AJ56: 504 | AL56: 28087 | AM56: 県立 | AN56: 夢前 | AO56: 28 | AP56: 兵庫 | AQ56: 0 | AR56: Y | AT56: 現役 | AU56: R以外
A57: 2513150121 | B57: 131 | C57: 17_医療姫路校 | D57: 130 | E57: 7.姫路校 | F57: 山本 孝太朗 | G57: ﾔﾏﾓﾄ ｺｳﾀﾛｳ | H57: 1 | I57: 669-6543 | J57: 兵庫県 | K57: 2025 | L57: 2025 | M57: 45566 | N57: H04 | O57: 4ｺ | P57: 645 | Q57: 独立経営専攻コース | R57: 2 | S57: 3 | T57: ビジネス系 | U57: 4 | V57: 2522564 | W57: 0 | Z57: O | AA57: 45611 | AB57: 25 | AC57: 22564 | AD57: 131 | AE57: 17_医療姫路校 | AF57: 130 | AG57: 7.姫路校 | AH57: H04 | AI57: 4ｺ | AJ57: 645 | AL57: 28127 | AM57: 県立 | AN57: 香住 | AO57: 28 | AP57: 兵庫 | AQ57: 0 | AR57: Y | AT57: 現役 | AU57: R以外
A58: 2513150123 | B58: 131 | C58: 17_医療姫路校 | D58: 130 | E58: 7.姫路校 | F58: 吉澤 勇翔 | G58: ﾖｼｻﾞﾜ ﾕｳﾄ | H58: 1 | I58: 675-0104 | J58: 兵庫県 | K58: 2025 | L58: 2025 | M58: 45562 | N58: H04 | O58: 7ﾒ | P58: 581 | Q58: ２年制保育士・幼稚園教諭コース | R58: 2 | S58: 10 | T58: 保育系 | U58: 9 | V58: 2522533 | W58: 0 | Z58: O | AA58: 45581 | AB58: 25 | AC58: 22533 | AD58: 131 | AE58: 17_医療姫路校 | AF58: 130 | AG58: 7.姫路校 | AH58: H04 | AI58: 7ﾒ | AJ58: 581 | AL58: 28092 | AM58: 私立 | AN58: 日ノ本学園 | AO58: 28 | AP58: 兵庫 | AQ58: 0 | AR58: Y | AT58: 現役 | AU58: R以外
A59: 2513150124 | B59: 131 | C59: 17_医療姫路校 | D59: 130 | E59: 7.姫路校 | F59: 真鍋 優斗 | G59: ﾏﾅﾍﾞ ﾕｳﾄ | H59: 1 | I59: 779-4802 | J59: 徳島県 | K59: 2025 | L59: 2025 | M59: 45559 | N59: H04 | O59: 2ﾕ | P59: 504 | Q59: メディカルトレーナーコース | R59: 2 | S59: 5 | T59: スポーツ系 | U59: 15 | V59: 2522539 | W59: 0 | Z59: O | AA59: 45594 | AB59: 25 | AC59: 22539 | AD59: 131 | AE59: 17_医療姫路校 | AF59: 130 | AG59: 7.姫路校 | AH59: H04 | AI59: 2ﾕ | AJ59: 504 | AL59: 36018 | AM59: 県立 | AN59: 池田 | AO59: 36 | AP59: 徳島 | AQ59: 0 | AR59: Y | AT59: 現役 | AU59: R以外
A60: 2513150125 | B60: 131 | C60: 17_医療姫路校 | D60: 130 | E60: 7.姫路校 | F60: 宮本 颯大 | G60: ﾐﾔﾓﾄ ｿｳﾀ | H60: 1 | I60: 675-0104 | J60: 兵庫県 | K60: 2025 | L60: 2025 | M60: 45588 | N60: H04 | O60: 7ﾗ | P60: 428 | Q60: 消防官コース | R60: 2 | S60: 2 | T60: 公務員 | U60: 1 | V60: 0 | W60: 0 | Y60: 45623 | Z60: O | AB60: 0 | AC60: 0 | AD60: 0 | AE60: 0_未手続 | AG60: 0_未手続 | AJ60: 0 | AL60: 1355 | AM60: 私立 | AN60: 星槎国際（通信制） | AO60: 1 | AP60: 北海道 | AQ60: 0 | AR60: Y | AT60: 現役 | AU60: R以外
A61: 2513150126 | B61: 131 | C61: 17_医療姫路校 | D61: 130 | E61: 7.姫路校 | F61: 山田 拳士朗 | G61: ﾔﾏﾀﾞ ｹﾝｼﾛｳ | H61: 1 | I61: 672-8044 | J61: 兵庫県 | K61: 2025 | L61: 2025 | M61: 45552 | N61: H04 | O61: 7ﾗ | P61: 968 | Q61: 市役所・町役場等初級レベル | R61: 2 | S61: 2 | T61: 公務員 | U61: 1 | V61: 2522525 | W61: 0 | Z61: O | AA61: 45580 | AB61: 25 | AC61: 22525 | AD61: 131 | AE61: 17_医療姫路校 | AF61: 130 | AG61: 7.姫路校 | AH61: H04 | AI61: 7ﾗ | AJ61: 968 | AL61: 28157 | AM61: 市立 | AN61: 飾磨 | AO61: 28 | AP61: 兵庫 | AQ61: 0 | AR61: Y | AT61: 現役 | AU61: R以外
A62: 2513150127 | B62: 131 | C62: 17_医療姫路校 | D62: 130 | E62: 7.姫路校 | F62: 田中 大貴 | G62: ﾀﾅｶ ﾀﾞｲｷ | H62: 1 | I62: 671-1143 | J62: 兵庫県 | K62: 2025 | L62: 2025 | M62: 45583 | N62: H04 | O62: 7ﾗ | P62: 428 | Q62: 消防官コース | R62: 2 | S62: 2 | T62: 公務員 | U62: 1 | V62: 2522567 | W62: 0 | Z62: O | AA62: 45617 | AB62: 25 | AC62: 22567 | AD62: 131 | AE62: 17_医療姫路校 | AF62: 130 | AG62: 7.姫路校 | AH62: H04 | AI62: 7ﾗ | AJ62: 428 | AL62: 28187 | AM62: 県立 | AN62: 網干 | AO62: 28 | AP62: 兵庫 | AQ62: 0 | AR62: Y | AT62: 現役 | AU62: R以外
A63: 2513150128 | B63: 131 | C63: 17_医療姫路校 | D63: 130 | E63: 7.姫路校 | F63: 前田 來人 | G63: ﾏｴﾀﾞ ﾗｲﾄ | H63: 1 | I63: 671-1226 | J63: 兵庫県 | K63: 2025 | L63: 2025 | M63: 45537 | N63: H04 | O63: 7ﾗ | P63: 427 | Q63: 警察官コース | R63: 2 | S63: 2 | T63: 公務員 | U63: 1 | V63: 2522504 | W63: 0 | Z63: O | AA63: 45565 | AB63: 25 | AC63: 22504 | AD63: 131 | AE63: 17_医療姫路校 | AF63: 130 | AG63: 7.姫路校 | AH63: H04 | AI63: 7ﾗ | AJ63: 427 | AL63: 28175 | AM63: 県立 | AN63: 上郡 | AO63: 28 | AP63: 兵庫 | AQ63: 0 | AR63: Y | AT63: 現役 | AU63: R以外
A64: 2513150130 | B64: 131 | C64: 17_医療姫路校 | D64: 130 | E64: 7.姫路校 | F64: 浜中 滉矢 | G64: ﾊﾏﾅｶ ﾋﾛﾔ | H64: 1 | I64: 676-0805 | J64: 兵庫県 | K64: 2025 | L64: 2025 | M64: 45593 | N64: H04 | O64: 7ﾘ | P64: 968 | Q64: 市役所・町役場等初級レベル | R64: 1 | S64: 2 | T64: 公務員 | U64: 1 | V64: 0 | W64: 0 | Y64: 45614 | Z64: O | AB64: 0 | AC64: 0 | AD64: 0 | AE64: 0_未手続 | AG64: 0_未手続 | AJ64: 0 | AK64: K | AL64: 28103 | AM64: 県立 | AN64: 高砂 | AO64: 28 | AP64: 兵庫 | AQ64: 0 | AR64: Y | AT64: 現役 | AU64: R以外
A65: 2513150132 | B65: 131 | C65: 17_医療姫路校 | D65: 130 | E65: 7.姫路校 | F65: 辻井 祇斗星 | G65: ﾂｼﾞｲ ｷﾞﾎﾞｼ | H65: 1 | I65: 679-2204 | J65: 兵庫県 | K65: 2025 | L65: 2025 | M65: 45537 | N65: H04 | O65: 7ﾗ | P65: 428 | Q65: 消防官コース | R65: 2 | S65: 2 | T65: 公務員 | U65: 1 | V65: 2522592 | W65: 0 | Z65: O | AA65: 45684 | AB65: 25 | AC65: 22592 | AD65: 131 | AE65: 17_医療姫路校 | AF65: 130 | AG65: 7.姫路校 | AH65: H04 | AI65: 7ﾗ | AJ65: 428 | AL65: 33030 | AM65: 私立 | AN65: 作陽学園 | AO65: 33 | AP65: 岡山 | AQ65: 0 | AR65: Y | AT65: 現役 | AU65: R以外
A66: 2513150133 | B66: 131 | C66: 17_医療姫路校 | D66: 130 | E66: 7.姫路校 | F66: 廣居 初奈 | G66: ﾋﾛｲ ﾆｲﾅ | H66: 2 | I66: 671-2411 | J66: 兵庫県 | K66: 2025 | L66: 2025 | M66: 45559 | N66: H04 | O66: 7ﾒ | P66: 581 | Q66: ２年制保育士・幼稚園教諭コース | R66: 2 | S66: 10 | T66: 保育系 | U66: 9 | V66: 2522577 | W66: 0 | Z66: O | AA66: 45646 | AB66: 25 | AC66: 22577 | AD66: 131 | AE66: 17_医療姫路校 | AF66: 130 | AG66: 7.姫路校 | AH66: H04 | AI66: 7ﾒ | AJ66: 581 | AL66: 28168 | AM66: 県立 | AN66: 山崎 | AO66: 28 | AP66: 兵庫 | AQ66: 0 | AR66: Y | AT66: 現役 | AU66: R以外
A67: 2513150134 | B67: 131 | C67: 17_医療姫路校 | D67: 130 | E67: 7.姫路校 | F67: 小久保 翔 | G67: ｺｸﾎﾞ ｶｹﾙ | H67: 1 | I67: 676-0003 | J67: 兵庫県 | K67: 2025 | L67: 2025 | M67: 45546 | N67: H04 | O67: 7ﾗ | P67: 428 | Q67: 消防官コース | R67: 2 | S67: 2 | T67: 公務員 | U67: 1 | V67: 0 | W67: 0 | Y67: 45727 | Z67: O | AB67: 0 | AC67: 0 | AD67: 0 | AE67: 0_未手続 | AG67: 0_未手続 | AJ67: 0 | AK67: Y | AL67: 28103 | AM67: 県立 | AN67: 高砂 | AO67: 28 | AP67: 兵庫 | AQ67: 0 | AR67: Y | AT67: 現役 | AU67: R以外
A68: 2513150138 | B68: 131 | C68: 17_医療姫路校 | D68: 130 | E68: 7.姫路校 | F68: 片山 優愛 | G68: ｶﾀﾔﾏ ﾕｳｱ | H68: 2 | I68: 675-2401 | J68: 兵庫県 | K68: 2025 | L68: 2025 | M68: 45568 | N68: H04 | O68: 2ﾕ | P68: 502 | Q68: スポーツトレーナーコース | R68: 2 | S68: 5 | T68: スポーツ系 | U68: 15 | V68: 2522603 | W68: 0 | Z68: O | AA68: 45694 | AB68: 25 | AC68: 22603 | AD68: 131 | AE68: 17_医療姫路校 | AF68: 130 | AG68: 7.姫路校 | AH68: H04 | AI68: 2ﾕ | AJ68: 502 | AL68: 28135 | AM68: 県立 | AN68: 西脇 | AO68: 28 | AP68: 兵庫 | AQ68: 0 | AR68: Y | AT68: 現役 | AU68: R以外
A69: 2513150139 | B69: 131 | C69: 17_医療姫路校 | D69: 130 | E69: 7.姫路校 | F69: 井関 百萌 | G69: ｲｾｷ ﾓﾓ | H69: 2 | I69: 680-0005 | J69: 鳥取県 | K69: 2025 | L69: 2025 | M69: 45552 | N69: H04 | O69: 2ﾕ | P69: 1046 | Q69: パーソナルトレーナーコース | R69: 2 | S69: 5 | T69: スポーツ系 | U69: 15 | V69: 2522566 | W69: 0 | Z69: O | AA69: 45614 | AB69: 25 | AC69: 22566 | AD69: 131 | AE69: 17_医療姫路校 | AF69: 130 | AG69: 7.姫路校 | AH69: H04 | AI69: 2ﾕ | AJ69: 1046 | AL69: 31039 | AM69: 県立 | AN69: 鳥取湖陵 | AO69: 31 | AP69: 鳥取 | AQ69: 0 | AR69: Y | AT69: 現役 | AU69: R以外
A70: 2513150140 | B70: 131 | C70: 17_医療姫路校 | D70: 130 | E70: 7.姫路校 | F70: 石渡 雅也 | G70: ｲｼﾜﾀﾘ ﾏｻﾔ | H70: 1 | I70: 678-0064 | J70: 兵庫県 | K70: 2025 | L70: 2025 | M70: 45553 | N70: H04 | O70: 7ﾗ | P70: 968 | Q70: 市役所・町役場等初級レベル | R70: 2 | S70: 2 | T70: 公務員 | U70: 1 | V70: 2522521 | W70: 0 | Z70: O | AA70: 45576 | AB70: 25 | AC70: 22521 | AD70: 131 | AE70: 17_医療姫路校 | AF70: 130 | AG70: 7.姫路校 | AH70: H04 | AI70: 7ﾗ | AJ70: 968 | AL70: 28173 | AM70: 県立 | AN70: 赤穂 | AO70: 28 | AP70: 兵庫 | AQ70: 0 | AR70: Y | AT70: 現役 | AU70: R以外
A71: 2513150141 | B71: 131 | C71: 17_医療姫路校 | D71: 130 | E71: 7.姫路校 | F71: 髙島 瑠晟 | G71: ﾀｶｼﾏ ﾘｭｳｾｲ | H71: 1 | I71: 670-0935 | J71: 兵庫県 | K71: 2025 | L71: 2025 | M71: 45547 | N71: H04 | O71: 7ﾘ | P71: 428 | Q71: 消防官コース | R71: 1 | S71: 2 | T71: 公務員 | U71: 1 | V71: 2522556 | W71: 0 | Z71: O | AA71: 45607 | AB71: 25 | AC71: 22556 | AD71: 131 | AE71: 17_医療姫路校 | AF71: 130 | AG71: 7.姫路校 | AH71: H04 | AI71: 7ﾘ | AJ71: 428 | AK71: K | AL71: 28095 | AM71: 私立 | AN71: 東洋大学附属姫路 | AO71: 28 | AP71: 兵庫 | AQ71: 0 | AR71: Y | AT71: 現役 | AU71: R以外
A72: 2513150142 | B72: 131 | C72: 17_医療姫路校 | D72: 130 | E72: 7.姫路校 | F72: 塩澤 恒成 | G72: ｼｵｻﾞﾜ ｺｳｾｲ | H72: 1 | I72: 672-8035 | J72: 兵庫県 | K72: 2025 | L72: 2025 | M72: 45572 | N72: H04 | O72: 7ﾘ | P72: 427 | Q72: 警察官コース | R72: 1 | S72: 2 | T72: 公務員 | U72: 1 | V72: 0 | W72: 0 | Y72: 45664 | Z72: O | AB72: 0 | AC72: 0 | AD72: 0 | AE72: 0_未手続 | AG72: 0_未手続 | AJ72: 0 | AK72: K | AL72: 28097 | AM72: 県立 | AN72: 姫路工業 | AO72: 28 | AP72: 兵庫 | AQ72: 0 | AR72: Y | AT72: 現役 | AU72: R以外
A73: 2513150143 | B73: 131 | C73: 17_医療姫路校 | D73: 130 | E73: 7.姫路校 | F73: 宮川 瑠唯 | G73: ﾐﾔｶﾞﾜ ﾙｲ | H73: 2 | I73: 671-0111 | J73: 兵庫県 | K73: 2025 | L73: 2025 | M73: 45572 | N73: H04 | O73: 4ｺ | P73: 1044 | Q73: 事務・経理職専攻コース | R73: 2 | S73: 3 | T73: ビジネス系 | U73: 4 | V73: 2522537 | W73: 0 | Z73: O | AA73: 45586 | AB73: 25 | AC73: 22537 | AD73: 131 | AE73: 17_医療姫路校 | AF73: 130 | AG73: 7.姫路校 | AH73: H04 | AI73: 4ｺ | AJ73: 1044 | AL73: 28193 | AM73: 県立 | AN73: 高砂南 | AO73: 28 | AP73: 兵庫 | AQ73: 0 | AR73: Y | AT73: 現役 | AU73: R以外
A74: 2513150145 | B74: 131 | C74: 17_医療姫路校 | D74: 130 | E74: 7.姫路校 | F74: 榎 真愛 | G74: ｴﾉｷ ﾏｲ | H74: 2 | I74: 679-4106 | J74: 兵庫県 | K74: 2025 | L74: 2025 | M74: 45580 | N74: H04 | O74: 4ｺ | P74: 1044 | Q74: 事務・経理職専攻コース | R74: 2 | S74: 3 | T74: ビジネス系 | U74: 4 | V74: 2522540 | W74: 0 | Z74: O | AA74: 45594 | AB74: 25 | AC74: 22540 | AD74: 131 | AE74: 17_医療姫路校 | AF74: 130 | AG74: 7.姫路校 | AH74: H04 | AI74: 4ｺ | AJ74: 1044 | AL74: 28970 | AM74: 私立 | AN74: 第一学院高等学校養父本校 | AO74: 28 | AP74: 兵庫 | AQ74: 0 | AR74: Y | AT74: 現役 | AU74: R以外
A75: 2513150146 | B75: 131 | C75: 17_医療姫路校 | D75: 130 | E75: 7.姫路校 | F75: 竹田 謙信 | G75: ﾀｹﾀﾞ ｹﾝｼﾝ | H75: 1 | I75: 679-5343 | J75: 兵庫県 | K75: 2025 | L75: 2025 | M75: 45572 | N75: H04 | O75: 2ﾕ | P75: 1046 | Q75: パーソナルトレーナーコース | R75: 2 | S75: 5 | T75: スポーツ系 | U75: 15 | V75: 2522536 | W75: 0 | Z75: O | AA75: 45586 | AB75: 25 | AC75: 22536 | AD75: 131 | AE75: 17_医療姫路校 | AF75: 130 | AG75: 7.姫路校 | AH75: H04 | AI75: 2ﾕ | AJ75: 1046 | AL75: 28167 | AM75: 県立 | AN75: 佐用 | AO75: 28 | AP75: 兵庫 | AQ75: 0 | AR75: Y | AT75: 現役 | AU75: R以外
A76: 2513150147 | B76: 131 | C76: 17_医療姫路校 | D76: 130 | E76: 7.姫路校 | F76: 手古 遥奈 | G76: ﾃｺ ﾊﾙﾅ | H76: 2 | I76: 671-0224 | J76: 兵庫県 | K76: 2025 | L76: 2025 | M76: 45586 | N76: H04 | O76: 4ｺ | P76: 1006 | Q76: 医療事務・ビジネスコース | R76: 2 | S76: 8 | T76: 医療事務系 | U76: 6 | V76: 2522550 | W76: 0 | Z76: O | AA76: 45602 | AB76: 25 | AC76: 22550 | AD76: 131 | AE76: 17_医療姫路校 | AF76: 130 | AG76: 7.姫路校 | AH76: H04 | AI76: 4ｺ | AJ76: 1006 | AL76: 28088 | AM76: 県立 | AN76: 姫路別所 | AO76: 28 | AP76: 兵庫 | AQ76: 0 | AR76: Y | AT76: 現役 | AU76: R以外
A77: 2513150149 | B77: 131 | C77: 17_医療姫路校 | D77: 130 | E77: 7.姫路校 | F77: 苧木 心愛 | G77: ｵｷﾞ ﾐﾉﾘ | H77: 2 | I77: 675-0063 | J77: 兵庫県 | K77: 2025 | L77: 2025 | M77: 45569 | N77: H04 | O77: 7ﾘ | P77: 427 | Q77: 警察官コース | R77: 1 | S77: 2 | T77: 公務員 | U77: 1 | V77: 2522619 | W77: 0 | Z77: O | AA77: 45744 | AB77: 25 | AC77: 22619 | AD77: 131 | AE77: 17_医療姫路校 | AF77: 130 | AG77: 7.姫路校 | AH77: H04 | AI77: 7ﾘ | AJ77: 427 | AK77: K | AL77: 28024 | AM77: 私立 | AN77: 神港学園 | AO77: 28 | AP77: 兵庫 | AQ77: 0 | AR77: Y | AT77: 現役 | AU77: R以外
A78: 2513150150 | B78: 131 | C78: 17_医療姫路校 | D78: 130 | E78: 7.姫路校 | F78: 東野 菜奈美 | G78: ﾋｶﾞｼﾉ ﾅﾅﾐ | H78: 2 | I78: 663-8177 | J78: 兵庫県 | K78: 2025 | L78: 2025 | M78: 45569 | N78: H04 | O78: 7ﾘ | P78: 427 | Q78: 警察官コース | R78: 1 | S78: 2 | T78: 公務員 | U78: 1 | V78: 0 | W78: 0 | Y78: 45744 | Z78: O | AB78: 0 | AC78: 0 | AD78: 0 | AE78: 0_未手続 | AG78: 0_未手続 | AJ78: 0 | AK78: K | AL78: 28024 | AM78: 私立 | AN78: 神港学園 | AO78: 28 | AP78: 兵庫 | AQ78: 0 | AR78: Y | AT78: 現役 | AU78: R以外
A79: 2513150151 | B79: 131 | C79: 17_医療姫路校 | D79: 130 | E79: 7.姫路校 | F79: 浅田 大貴 | G79: ｱｻﾀﾞ ﾀｲｷ | H79: 1 | I79: 671-2222 | J79: 兵庫県 | K79: 0 | L79: 2025 | M79: 45586 | N79: H04 | O79: 4ｺ | P79: 645 | Q79: 独立経営専攻コース | R79: 2 | S79: 3 | T79: ビジネス系 | U79: 4 | V79: 0 | W79: 0 | Y79: 45706 | Z79: O | AB79: 0 | AC79: 0 | AD79: 0 | AE79: 0_未手続 | AG79: 0_未手続 | AJ79: 0 | AK79: Y | AL79: 28157 | AM79: 市立 | AN79: 飾磨 | AO79: 28 | AP79: 兵庫 | AQ79: 0 | AR79: Y | AT79: 現役以外 | AU79: R以外
A80: 2513150152 | B80: 131 | C80: 17_医療姫路校 | D80: 130 | E80: 7.姫路校 | F80: 梶田 直玖 | G80: ｶｼﾞﾀ ﾅｵﾋｻ | H80: 1 | I80: 671-0234 | J80: 兵庫県 | K80: 0 | L80: 2025 | M80: 45580 | N80: H04 | O80: 7ﾘ | P80: 428 | Q80: 消防官コース | R80: 1 | S80: 2 | T80: 公務員 | U80: 1 | V80: 2522557 | W80: 0 | Z80: O | AA80: 45607 | AB80: 25 | AC80: 22557 | AD80: 131 | AE80: 17_医療姫路校 | AF80: 130 | AG80: 7.姫路校 | AH80: H04 | AI80: 7ﾘ | AJ80: 428 | AL80: 28097 | AM80: 県立 | AN80: 姫路工業 | AO80: 28 | AP80: 兵庫 | AQ80: 0 | AR80: Y | AT80: 現役以外 | AU80: R以外
A81: 2513150153 | B81: 131 | C81: 17_医療姫路校 | D81: 130 | E81: 7.姫路校 | F81: 眞鍋 莉斗 | G81: ﾏﾅﾍﾞ ﾘﾄ | H81: 1 | I81: 679-4315 | J81: 兵庫県 | K81: 2025 | L81: 2025 | M81: 45593 | N81: H04 | O81: 7ﾗ | P81: 428 | Q81: 消防官コース | R81: 2 | S81: 2 | T81: 公務員 | U81: 1 | V81: 2522591 | W81: 0 | Z81: O | AA81: 45684 | AB81: 25 | AC81: 22591 | AD81: 131 | AE81: 17_医療姫路校 | AF81: 130 | AG81: 7.姫路校 | AH81: H04 | AI81: 7ﾗ | AJ81: 428 | AL81: 28168 | AM81: 県立 | AN81: 山崎 | AO81: 28 | AP81: 兵庫 | AQ81: 0 | AR81: Y | AT81: 現役 | AU81: R以外
A82: 2513150154 | B82: 131 | C82: 17_医療姫路校 | D82: 130 | E82: 7.姫路校 | F82: 岩本 璃星 | G82: ｲﾜﾓﾄ ﾘｾｲ | H82: 1 | I82: 671-2215 | J82: 兵庫県 | K82: 2025 | L82: 2025 | M82: 45562 | N82: H04 | O82: 7ﾗ | P82: 968 | Q82: 市役所・町役場等初級レベル | R82: 2 | S82: 2 | T82: 公務員 | U82: 1 | V82: 2522583 | W82: 0 | Z82: O | AA82: 45664 | AB82: 25 | AC82: 22583 | AD82: 131 | AE82: 17_医療姫路校 | AF82: 130 | AG82: 7.姫路校 | AH82: H04 | AI82: 7ﾗ | AJ82: 968 | AK82: K | AL82: 37016 | AM82: 私立 | AN82: 尽誠学園 | AO82: 37 | AP82: 香川 | AQ82: 0 | AR82: Y | AT82: 現役 | AU82: R以外
A83: 2513150155 | B83: 131 | C83: 17_医療姫路校 | D83: 130 | E83: 7.姫路校 | F83: 阿曽 花音 | G83: ｱｿ ｶﾉﾝ | H83: 2 | I83: 671-1107 | J83: 兵庫県 | K83: 2025 | L83: 2025 | M83: 45586 | N83: H04 | O83: 7ﾗ | P83: 968 | Q83: 市役所・町役場等初級レベル | R83: 2 | S83: 2 | T83: 公務員 | U83: 1 | V83: 2522551 | W83: 0 | Z83: O | AA83: 45602 | AB83: 25 | AC83: 22551 | AD83: 131 | AE83: 17_医療姫路校 | AF83: 130 | AG83: 7.姫路校 | AH83: H04 | AI83: 7ﾗ | AJ83: 968 | AL83: 28232 | AM83: 県立 | AN83: 網干（通信制） | AO83: 28 | AP83: 兵庫 | AQ83: 0 | AR83: Y | AT83: 現役 | AU83: R以外
A84: 2513150156 | B84: 131 | C84: 17_医療姫路校 | D84: 130 | E84: 7.姫路校 | F84: 石丸 恵司 | G84: ｲｼﾏﾙ ｹｲｼ | H84: 1 | I84: 671-1154 | J84: 兵庫県 | K84: 0 | L84: 2025 | M84: 45580 | N84: H04 | O84: 7ﾒ | P84: 1680 | Q84: ２年制こども保育士コース | R84: 2 | S84: 10 | T84: 保育系 | U84: 9 | V84: 2522552 | W84: 0 | Z84: O | AA84: 45602 | AB84: 25 | AC84: 22552 | AD84: 131 | AE84: 17_医療姫路校 | AF84: 130 | AG84: 7.姫路校 | AH84: H04 | AI84: 7ﾒ | AJ84: 1680 | AL84: 28264 | AM84: 県立 | AN84: 飾磨工業（多部制定時制） | AO84: 28 | AP84: 兵庫 | AQ84: 0 | AR84: Y | AT84: 現役以外 | AU84: R以外
A85: 2513150157 | B85: 131 | C85: 17_医療姫路校 | D85: 130 | E85: 7.姫路校 | F85: 中山 拳杜 | G85: ﾅｶﾔﾏ ｹﾝﾄ | H85: 1 | I85: 671-2224 | J85: 兵庫県 | K85: 2025 | L85: 2025 | M85: 45586 | N85: H04 | O85: 2ﾕ | P85: 1046 | Q85: パーソナルトレーナーコース | R85: 2 | S85: 5 | T85: スポーツ系 | U85: 15 | V85: 2522554 | W85: 0 | Z85: O | AA85: 45602 | AB85: 25 | AC85: 22554 | AD85: 131 | AE85: 17_医療姫路校 | AF85: 130 | AG85: 7.姫路校 | AH85: H04 | AI85: 2ﾕ | AJ85: 1046 | AL85: 28178 | AM85: 県立 | AN85: 太子 | AO85: 28 | AP85: 兵庫 | AQ85: 0 | AR85: Y | AT85: 現役 | AU85: R以外
A86: 2513150159 | B86: 131 | C86: 17_医療姫路校 | D86: 130 | E86: 7.姫路校 | F86: 辻村 夏海 | G86: ﾂｼﾞﾑﾗ ﾅﾂﾐ | H86: 2 | I86: 675-0038 | J86: 兵庫県 | K86: 0 | L86: 2025 | M86: 45572 | N86: H04 | O86: 4ｺ | P86: 1067 | Q86: ドクターズクラークコース | R86: 2 | S86: 8 | T86: 医療事務系 | U86: 6 | V86: 2522546 | W86: 0 | Z86: O | AA86: 45602 | AB86: 25 | AC86: 22546 | AD86: 131 | AE86: 17_医療姫路校 | AF86: 130 | AG86: 7.姫路校 | AH86: H04 | AI86: 4ｺ | AJ86: 1067 | AL86: 28017 | AM86: 私立 | AN86: 神戸常盤女子 | AO86: 28 | AP86: 兵庫 | AQ86: 0 | AR86: Y | AT86: 現役以外 | AU86: R以外
A87: 2513170002 | B87: 131 | C87: 17_医療姫路校 | D87: 130 | E87: 7.姫路校 | F87: 福井 悠二 | G87: ﾌｸｲ ﾋｻｼ | H87: 1 | I87: 678-0238 | J87: 兵庫県 | K87: 2025 | L87: 2025 | M87: 45642 | N87: H04 | O87: 4ｺ | P87: 645 | Q87: 独立経営専攻コース | R87: 2 | S87: 3 | T87: ビジネス系 | U87: 4 | V87: 2522588 | W87: 0 | Z87: F | AA87: 45674 | AB87: 25 | AC87: 22588 | AD87: 131 | AE87: 17_医療姫路校 | AF87: 130 | AG87: 7.姫路校 | AH87: H04 | AI87: 4ｺ | AJ87: 645 | AL87: 33093 | AM87: 私立 | AN87: 岡山学芸館 | AO87: 33 | AP87: 岡山 | AQ87: 0 | AR87: Y | AT87: 現役 | AU87: R以外
A88: 2513170001 | B88: 57 | C88: 11_神戸校 | D88: 57 | E88: 4.神戸校 | F88: 伊藤 颯人 | G88: ｲﾄｳ ﾊﾔﾄ | H88: 1 | I88: 678-0201 | J88: 兵庫県 | K88: 0 | L88: 2025 | M88: 45633 | N88: H04 | O88: 7 | P88: 265 | Q88: 税理士チャレンジコース | R88: 2 | S88: 1 | T88: 税理士会計士系 | U88: 3 | V88: 2580095 | W88: 0 | AA88: 45649 | AB88: 25 | AC88: 80095 | AD88: 57 | AE88: 11_神戸校 | AF88: 57 | AG88: 4.神戸校 | AH88: H04 | AI88: 7 | AJ88: 265 | AL88: 28173 | AM88: 県立 | AN88: 赤穂 | AO88: 28 | AP88: 兵庫 | AQ88: 0 | AR88: Y | AT88: 現役以外 | AU88: R以外
A89: 2505700011 | B89: 57 | C89: 11_神戸校 | D89: 57 | E89: 4.神戸校 | F89: 小阪 杏樹 | G89: ｺｻｶ ｱﾝｼﾞｭ | H89: 1 | I89: 654-0131 | J89: 兵庫県 | K89: 2025 | L89: 2025 | M89: 45640 | N89: H04 | O89: 0ｽ | P89: 502 | Q89: スポーツトレーナーコース | R89: 2 | S89: 5 | T89: スポーツ系 | U89: 15 | V89: 2580100 | W89: 166 | X89: アスリートフード専攻 | Z89: S | AA89: 45663 | AB89: 25 | AC89: 80100 | AD89: 57 | AE89: 11_神戸校 | AF89: 57 | AG89: 4.神戸校 | AH89: H04 | AI89: 0ｽ | AJ89: 502 | AL89: 47076 | AM89: 私立 | AN89: N高等学校 沖縄伊計本校（通信制） | AO89: 47 | AP89: 沖縄 | AQ89: 0 | AR89: Y | AT89: 現役 | AU89: R以外
A90: 2505700012 | B90: 57 | C90: 11_神戸校 | D90: 57 | E90: 4.神戸校 | F90: 米田 陸人 | G90: ﾖﾈﾀﾞ ﾘｸﾄ | H90: 1 | I90: 577-0805 | J90: 大阪府 | K90: 0 | L90: 2025 | M90: 45646 | N90: H04 | O90: 58 | P90: 856 | Q90: 国家公務員初級レベルコース | R90: 2 | S90: 2 | T90: 公務員 | U90: 1 | V90: 2580110 | W90: 0 | AA90: 45679 | AB90: 25 | AC90: 80110 | AD90: 57 | AE90: 11_神戸校 | AF90: 57 | AG90: 4.神戸校 | AH90: H04 | AI90: 58 | AJ90: 856 | AL90: 8170 | AM90: 私立 | AN90: S高等学校 茨城つくば本校（通信制） | AO90: 8 | AP90: 茨城 | AQ90: 0 | AR90: Y | AT90: 現役以外 | AU90: R以外
A91: 2505700013 | B91: 57 | C91: 11_神戸校 | D91: 57 | E91: 4.神戸校 | F91: 村尾 元春 | G91: ﾑﾗｵ ﾓﾄﾊﾙ | H91: 1 | I91: 669-6832 | J91: 兵庫県 | K91: 2025 | L91: 2025 | M91: 45664 | N91: H04 | O91: 2ｱ | P91: 427 | Q91: 警察官コース | R91: 1 | S91: 2 | T91: 公務員 | U91: 1 | V91: 2580111 | W91: 0 | Z91: S | AA91: 45679 | AB91: 25 | AC91: 80111 | AD91: 57 | AE91: 11_神戸校 | AF91: 57 | AG91: 4.神戸校 | AH91: H04 | AI91: 2ｱ | AJ91: 427 | AL91: 28129 | AM91: 県立 | AN91: 浜坂 | AO91: 28 | AP91: 兵庫 | AQ91: 0 | AR91: Y | AT91: 現役 | AU91: R以外
A92: 2505700015 | B92: 57 | C92: 11_神戸校 | D92: 57 | E92: 4.神戸校 | F92: 大川 弥風 | G92: ｵｵｶﾜ ﾐｶｾﾞ | H92: 1 | I92: 651-2142 | J92: 兵庫県 | K92: 2025 | L92: 2025 | M92: 45668 | N92: H04 | O92: 58 | P92: 427 | Q92: 警察官コース | R92: 2 | S92: 2 | T92: 公務員 | U92: 1 | V92: 2580138 | W92: 0 | Z92: K | AA92: 45693 | AB92: 25 | AC92: 80138 | AD92: 57 | AE92: 11_神戸校 | AF92: 57 | AG92: 4.神戸校 | AH92: H04 | AI92: 58 | AJ92: 427 | AL92: 28012 | AM92: 私立 | AN92: 育英 | AO92: 28 | AP92: 兵庫 | AQ92: 0 | AR92: Y | AT92: 現役 | AU92: R以外
A93: 2505700016 | B93: 57 | C93: 11_神戸校 | D93: 57 | E93: 4.神戸校 | F93: 池田 珠唯 | G93: ｲｹﾀﾞ ﾐﾕ | H93: 2 | I93: 651-1123 | J93: 兵庫県 | K93: 0 | L93: 2025 | M93: 45669 | N93: H04 | O93: 6 | P93: 448 | Q93: 公認会計士チャレンジコース | R93: 2 | S93: 1 | T93: 税理士会計士系 | U93: 3 | V93: 2580119 | W93: 0 | AA93: 45686 | AB93: 25 | AC93: 80119 | AD93: 57 | AE93: 11_神戸校 | AF93: 57 | AG93: 4.神戸校 | AH93: H04 | AI93: 6 | AJ93: 448 | AL93: 99999 | AN93: 文部科学省 | AO93: 99 | AP93: その他 | AQ93: 0 | AR93: Y | AT93: 現役以外 | AU93: R以外
A94: 2505700017 | B94: 57 | C94: 11_神戸校 | D94: 57 | E94: 4.神戸校 | F94: 大久保 空 | G94: ｵｵｸﾎﾞ ｿﾗ | H94: 1 | I94: 651-2276 | J94: 兵庫県 | K94: 2025 | L94: 2025 | M94: 45672 | N94: H04 | O94: 58 | P94: 428 | Q94: 消防官コース | R94: 2 | S94: 2 | T94: 公務員 | U94: 1 | V94: 2580118 | W94: 0 | Z94: S | AA94: 45685 | AB94: 25 | AC94: 80118 | AD94: 57 | AE94: 11_神戸校 | AF94: 57 | AG94: 4.神戸校 | AH94: H04 | AI94: 58 | AJ94: 428 | AL94: 28203 | AM94: 県立 | AN94: 神戸高塚 | AO94: 28 | AP94: 兵庫 | AQ94: 0 | AR94: Y | AT94: 現役 | AU94: R以外
A95: 2505700018 | B95: 57 | C95: 11_神戸校 | D95: 57 | E95: 4.神戸校 | F95: 徳田 翔 | G95: ﾄｸﾀﾞ ｼｮｳ | H95: 1 | I95: 655-0003 | J95: 兵庫県 | K95: 2025 | L95: 2025 | M95: 45672 | N95: H04 | O95: 58 | P95: 427 | Q95: 警察官コース | R95: 2 | S95: 2 | T95: 公務員 | U95: 1 | V95: 2580120 | W95: 0 | AA95: 45686 | AB95: 25 | AC95: 80120 | AD95: 57 | AE95: 11_神戸校 | AF95: 57 | AG95: 4.神戸校 | AH95: H04 | AI95: 58 | AJ95: 427 | AL95: 28203 | AM95: 県立 | AN95: 神戸高塚 | AO95: 28 | AP95: 兵庫 | AQ95: 0 | AR95: Y | AT95: 現役 | AU95: R以外
A96: 2505700019 | B96: 57 | C96: 11_神戸校 | D96: 57 | E96: 4.神戸校 | F96: 橘 幸佑 | G96: ﾀﾁﾊﾞﾅ ｺｳｽｹ | H96: 1 | I96: 672-8064 | J96: 兵庫県 | K96: 2025 | L96: 2025 | M96: 45674 | N96: H04 | O96: 6 | P96: 448 | Q96: 公認会計士チャレンジコース | R96: 2 | S96: 1 | T96: 税理士会計士系 | U96: 3 | V96: 2580136 | W96: 0 | Z96: T | AA96: 45692 | AB96: 25 | AC96: 80136 | AD96: 57 | AE96: 11_神戸校 | AF96: 57 | AG96: 4.神戸校 | AH96: H04 | AI96: 6 | AJ96: 448 | AL96: 28098 | AM96: 県立 | AN96: 姫路商業 | AO96: 28 | AP96: 兵庫 | AQ96: 0 | AR96: Y | AT96: 現役 | AU96: R以外
A97: 2505700020 | B97: 57 | C97: 11_神戸校 | D97: 57 | E97: 4.神戸校 | F97: 石山 陽毬 | G97: ｲｼﾔﾏ ﾋﾏﾘ | H97: 2 | I97: 675-1334 | J97: 兵庫県 | K97: 2025 | L97: 2025 | M97: 45678 | N97: H04 | O97: 2ｱ | P97: 857 | Q97: 府庁・県庁等初級レベルコース | R97: 1 | S97: 2 | T97: 公務員 | U97: 1 | V97: 2580137 | W97: 0 | Z97: S | AA97: 45692 | AB97: 25 | AC97: 80137 | AD97: 57 | AE97: 11_神戸校 | AF97: 57 | AG97: 4.神戸校 | AH97: H04 | AI97: 2ｱ | AJ97: 857 | AL97: 28137 | AM97: 県立 | AN97: 社 | AO97: 28 | AP97: 兵庫 | AQ97: 0 | AR97: Y | AT97: 現役 | AU97: R以外
A98: 2505700021 | B98: 57 | C98: 11_神戸校 | D98: 57 | E98: 4.神戸校 | F98: 藤木 力登 | G98: ﾌｼﾞｷ ﾘｷﾄ | H98: 1 | I98: 657-0059 | J98: 兵庫県 | K98: 2025 | L98: 2025 | M98: 45682 | N98: H04 | O98: 58 | P98: 428 | Q98: 消防官コース | R98: 2 | S98: 2 | T98: 公務員 | U98: 1 | V98: 2580165 | W98: 0 | Z98: S | AA98: 45726 | AB98: 25 | AC98: 80165 | AD98: 57 | AE98: 11_神戸校 | AF98: 57 | AG98: 4.神戸校 | AH98: H04 | AI98: 58 | AJ98: 428 | AL98: 36006 | AM98: 私立 | AN98: 生光学園 | AO98: 36 | AP98: 徳島 | AQ98: 0 | AR98: Y | AT98: 現役 | AU98: R以外
A99: 2505700022 | B99: 57 | C99: 11_神戸校 | D99: 57 | E99: 4.神戸校 | F99: 池内 一花 | G99: ｲｹｳﾁ ｲﾁｶ | H99: 2 | I99: 658-0032 | J99: 兵庫県 | K99: 0 | L99: 2025 | M99: 45686 | N99: H04 | O99: 57 | P99: 813 | Q99: ビジネス資格・公務員コース | R99: 2 | S99: 3 | T99: ビジネス系 | U99: 4 | V99: 2580149 | W99: 0 | AA99: 45709 | AB99: 25 | AC99: 80149 | AD99: 57 | AE99: 11_神戸校 | AF99: 57 | AG99: 4.神戸校 | AH99: H04 | AI99: 57 | AJ99: 813 | AL99: 34101 | AM99: 県立 | AN99: 忠海 | AO99: 34 | AP99: 広島 | AQ99: 0 | AR99: Y | AT99: 現役以外 | AU99: R以外
A100: 2505700025 | B100: 57 | C100: 11_神戸校 | D100: 57 | E100: 4.神戸校 | F100: 野中 宏樹 | G100: ﾉﾅｶ ｺｳｷ | H100: 1 | I100: 699-0822 | J100: 島根県 | K100: 0 | L100: 2025 | M100: 45694 | N100: H04 | O100: 0ｽ | P100: 502 | Q100: スポーツトレーナーコース | R100: 2 | S100: 5 | T100: スポーツ系 | U100: 15 | V100: 0 | W100: 0 | Y100: 45708 | AB100: 0 | AC100: 0 | AD100: 0 | AE100: 0_未手続 | AG100: 0_未手続 | AJ100: 0 | AL100: 32030 | AM100: 私立 | AN100: 出雲西 | AO100: 32 | AP100: 島根 | AQ100: 0 | AR100: Y | AT100: 現役以外 | AU100: R以外
...

Sheet 2026年度出願
A1: kanrino | B1: obscd | C1: obsname | D1: obscd2 | E1: obsname2 | F1: name | G1: namekana | H1: sex | I1: yubin | J1: adres1 | K1: kousdt | L1: nendo | M1: juridt | N1: sktikbn | O1: skatei | P1: scourse | Q1: コース名 | R1: syugyonen | S1: コース系列コード | T1: コース系列名 | U1: 並び順 | V1: kihonno | W1: utiwake | X1: utiwakename | Y1: jitaidt | Z1: suisencd | AA1: kanryodt | AB1: nnendo | AC1: gakuno | AD1: nobscd | AE1: nobsname | AF1: nobscd2 | AG1: nobsname2 | AH1: nktikbn | AI1: nkatei | AJ1: ncourse | AK1: heiganflg | AL1: koucd | AM1: keiei | AN1: kouname | AO1: kencode | AP1: kenname | AQ1: 留学生 | AR1: 書類合否 | AS1: 選考合否 | AT1: kousdt2 | AU1: suisencd2
A2: 2605700001 | B2: 57 | C2: 11_神戸校 | D2: 57 | E2: 4.神戸校 | F2: 三井 虎太郎 | G2: ﾐﾂｲ ｺﾀﾛｳ | H2: 1 | I2: 651-1103 | J2: 兵庫県 | K2: 2026 | L2: 2026 | M2: 45931 | N2: H04 | O2: 58 | P2: 968 | Q2: 市役所・町役場等初級レベル | R2: 2 | S2: 2 | T2: 公務員 | U2: 1 | V2: 2680027 | W2: 0 | AA2: 45951 | AB2: 26 | AC2: 80027 | AD2: 57 | AE2: 11_神戸校 | AF2: 57 | AG2: 4.神戸校 | AH2: H04 | AI2: 58 | AJ2: 968 | AL2: 28009 | AM2: 県立 | AN2: 神戸甲北 | AO2: 28 | AP2: 兵庫 | AQ2: 0 | AR2: Y | AT2: 現役 | AU2: R以外
A3: 2605700002 | B3: 57 | C3: 11_神戸校 | D3: 57 | E3: 4.神戸校 | F3: 藤岡 衣咲 | G3: ﾌｼﾞｵｶ ｲｻｷ | H3: 2 | I3: 673-0423 | J3: 兵庫県 | K3: 2026 | L3: 2026 | M3: 45937 | N3: H04 | O3: 0ｼ | P3: 121 | Q3: 医療事務コース | R3: 2 | S3: 8 | T3: 医療事務系 | U3: 6 | V3: 2680030 | W3: 0 | Z3: V | AA3: 45953 | AB3: 26 | AC3: 80030 | AD3: 57 | AE3: 11_神戸校 | AF3: 57 | AG3: 4.神戸校 | AH3: H04 | AI3: 0ｼ | AJ3: 121 | AL3: 28120 | AM3: 県立 | AN3: 三木東 | AO3: 28 | AP3: 兵庫 | AQ3: 0 | AR3: Y | AT3: 現役 | AU3: R以外
A4: 2605700003 | B4: 57 | C4: 11_神戸校 | D4: 57 | E4: 4.神戸校 | F4: 中村 慶太 | G4: ﾅｶﾑﾗ ｹｲﾀ | H4: 1 | I4: 658-0015 | J4: 兵庫県 | K4: 2026 | L4: 2026 | M4: 45937 | N4: H04 | O4: 58 | P4: 427 | Q4: 警察官コース | R4: 2 | S4: 2 | T4: 公務員 | U4: 1 | V4: 2680058 | W4: 0 | Z4: V | AA4: 45981 | AB4: 26 | AC4: 80058 | AD4: 57 | AE4: 11_神戸校 | AF4: 57 | AG4: 4.神戸校 | AH4: H04 | AI4: 58 | AJ4: 427 | AL4: 28282 | AM4: 市立 | AN4: 神港橘 | AO4: 28 | AP4: 兵庫 | AQ4: 0 | AR4: Y | AT4: 現役 | AU4: R以外
A5: 2605700004 | B5: 57 | C5: 11_神戸校 | D5: 57 | E5: 4.神戸校 | F5: 福田 悠叶 | G5: ﾌｸﾀﾞ ﾕｳﾄ | H5: 1 | I5: 654-0152 | J5: 兵庫県 | K5: 2026 | L5: 2026 | M5: 45937 | N5: H04 | O5: 6 | P5: 488 | Q5: 公認会計士スタンダードコース | R5: 2 | S5: 1 | T5: 税理士会計士系 | U5: 3 | V5: 2680125 | W5: 0 | Z5: T | AA5: 46035 | AB5: 26 | AC5: 80125 | AD5: 57 | AE5: 11_神戸校 | AF5: 57 | AG5: 4.神戸校 | AH5: H04 | AI5: 6 | AJ5: 488 | AL5: 28030 | AM5: 県立 | AN5: 神戸商業 | AO5: 28 | AP5: 兵庫 | AQ5: 0 | AR5: Y | AT5: 現役 | AU5: R以外
A6: 2600350083 | B6: 57 | C6: 11_神戸校 | D6: 57 | E6: 4.神戸校 | F6: 篠原 百々花 | G6: ｼﾉﾊﾗ ﾓﾓｶ | H6: 2 | I6: 650-0002 | J6: 兵庫県 | K6: 2026 | L6: 2026 | M6: 45959 | N6: H04 | O6: 57 | P6: 1044 | Q6: 事務・経理職専攻コース | R6: 2 | S6: 3 | T6: ビジネス系 | U6: 4 | V6: 2680092 | W6: 0 | Z6: O | AA6: 46010 | AB6: 26 | AC6: 80092 | AD6: 57 | AE6: 11_神戸校 | AF6: 57 | AG6: 4.神戸校 | AH6: H04 | AI6: 57 | AJ6: 1044 | AK6: Y | AL6: 28282 | AM6: 市立 | AN6: 神港橘 | AO6: 28 | AP6: 兵庫 | AQ6: 0 | AR6: Y | AT6: 現役 | AU6: R以外
A7: 2605700006 | B7: 57 | C7: 11_神戸校 | D7: 57 | E7: 4.神戸校 | F7: 山本 涼晴 | G7: ﾔﾏﾓﾄ ｽｽﾞﾊ | H7: 2 | I7: 671-0122 | J7: 兵庫県 | K7: 2026 | L7: 2026 | M7: 45961 | N7: H04 | O7: 7 | P7: 266 | Q7: 税理士スタンダードコース | R7: 2 | S7: 1 | T7: 税理士会計士系 | U7: 3 | V7: 0 | W7: 0 | AB7: 0 | AC7: 0 | AD7: 0 | AE7: 0_未手続 | AG7: 0_未手続 | AJ7: 0 | AK7: Y | AL7: 28204 | AM7: 県立 | AN7: 明石城西 | AO7: 28 | AP7: 兵庫 | AQ7: 0 | AR7: Y | AT7: 現役 | AU7: R以外
A8: 2605700007 | B8: 57 | C8: 11_神戸校 | D8: 57 | E8: 4.神戸校 | F8: 北山 世尚 | G8: ｷﾀﾔﾏ ｾﾅ | H8: 1 | I8: 675-1359 | J8: 兵庫県 | K8: 2026 | L8: 2026 | M8: 45970 | N8: H04 | O8: 2ｱ | P8: 428 | Q8: 消防官コース | R8: 1 | S8: 2 | T8: 公務員 | U8: 1 | V8: 2680064 | W8: 0 | Z8: V | AA8: 45987 | AB8: 26 | AC8: 80064 | AD8: 57 | AE8: 11_神戸校 | AF8: 57 | AG8: 4.神戸校 | AH8: H04 | AI8: 2ｱ | AJ8: 428 | AL8: 28137 | AM8: 県立 | AN8: 社 | AO8: 28 | AP8: 兵庫 | AQ8: 0 | AR8: Y | AT8: 現役 | AU8: R以外
A9: 2605700008 | B9: 57 | C9: 11_神戸校 | D9: 57 | E9: 4.神戸校 | F9: 谷口 依武紀 | G9: ﾀﾆｸﾞﾁ ｲﾌﾞｷ | H9: 1 | I9: 651-2124 | J9: 兵庫県 | K9: 2026 | L9: 2026 | M9: 45974 | N9: H04 | O9: 58 | P9: 428 | Q9: 消防官コース | R9: 2 | S9: 2 | T9: 公務員 | U9: 1 | V9: 2680088 | W9: 0 | Z9: V | AA9: 46008 | AB9: 26 | AC9: 80088 | AD9: 57 | AE9: 11_神戸校 | AF9: 57 | AG9: 4.神戸校 | AH9: H04 | AI9: 58 | AJ9: 428 | AL9: 28185 | AM9: 県立 | AN9: 明石清水 | AO9: 28 | AP9: 兵庫 | AQ9: 0 | AR9: Y | AT9: 現役 | AU9: R以外
A10: 2605700009 | B10: 57 | C10: 11_神戸校 | D10: 57 | E10: 4.神戸校 | F10: 緒方 瑛信 | G10: ｵｶﾞﾀ ｴｲｼﾝ | H10: 1 | I10: 654-0103 | J10: 兵庫県 | K10: 2026 | L10: 2026 | M10: 45974 | N10: H04 | O10: 7 | P10: 266 | Q10: 税理士スタンダードコース | R10: 2 | S10: 1 | T10: 税理士会計士系 | U10: 3 | V10: 2680069 | W10: 0 | Z10: V | AA10: 45989 | AB10: 26 | AC10: 80069 | AD10: 57 | AE10: 11_神戸校 | AF10: 57 | AG10: 4.神戸校 | AH10: H04 | AI10: 7 | AJ10: 266 | AL10: 28282 | AM10: 市立 | AN10: 神港橘 | AO10: 28 | AP10: 兵庫 | AQ10: 0 | AR10: Y | AT10: 現役 | AU10: R以外
A11: 2605700010 | B11: 57 | C11: 11_神戸校 | D11: 57 | E11: 4.神戸校 | F11: 藤井 陽菜 | G11: ﾌｼﾞｲ ﾋﾅ | H11: 2 | I11: 679-0221 | J11: 兵庫県 | K11: 2026 | L11: 2026 | M11: 45989 | N11: H04 | O11: 2ｱ | P11: 857 | Q11: 府庁・県庁等初級レベルコース | R11: 1 | S11: 2 | T11: 公務員 | U11: 1 | V11: 2680138 | W11: 0 | Z11: S | AA11: 46059 | AB11: 26 | AC11: 80138 | AD11: 57 | AE11: 11_神戸校 | AF11: 57 | AG11: 4.神戸校 | AH11: H04 | AI11: 2ｱ | AJ11: 857 | AL11: 28120 | AM11: 県立 | AN11: 三木東 | AO11: 28 | AP11: 兵庫 | AQ11: 0 | AR11: Y | AT11: 現役 | AU11: R以外
A12: 2605700012 | B12: 57 | C12: 11_神戸校 | D12: 57 | E12: 4.神戸校 | F12: 山本 拓実 | G12: ﾔﾏﾓﾄ ﾀｸﾐ | H12: 1 | I12: 658-0083 | J12: 兵庫県 | K12: 0 | L12: 2026 | M12: 45996 | N12: H04 | O12: BF | P12: 95 | Q12: 税理士専攻コース | R12: 1 | S12: 37 | T12: 専攻科税理士系 | U12: 28 | V12: 2680081 | W12: 0 | Z12: C | AA12: 46006 | AB12: 26 | AC12: 80081 | AD12: 57 | AE12: 11_神戸校 | AF12: 57 | AG12: 4.神戸校 | AH12: H04 | AI12: BF | AJ12: 95 | AL12: 28030 | AM12: 県立 | AN12: 神戸商業 | AO12: 28 | AP12: 兵庫 | AQ12: 0 | AR12: Y | AT12: 現役以外 | AU12: R以外
A13: 2605700013 | B13: 57 | C13: 11_神戸校 | D13: 57 | E13: 4.神戸校 | F13: 藤𠩤 翼 | G13: ﾌｼﾞﾜﾗ ﾂﾊﾞｻ | H13: 1 | I13: 651-2311 | J13: 兵庫県 | K13: 2026 | L13: 2026 | M13: 46001 | N13: H04 | O13: 2ｱ | P13: 428 | Q13: 消防官コース | R13: 1 | S13: 2 | T13: 公務員 | U13: 1 | V13: 2680141 | W13: 0 | Z13: V | AA13: 46065 | AB13: 26 | AC13: 80141 | AD13: 57 | AE13: 11_神戸校 | AF13: 57 | AG13: 4.神戸校 | AH13: H04 | AI13: 2ｱ | AJ13: 428 | AL13: 28120 | AM13: 県立 | AN13: 三木東 | AO13: 28 | AP13: 兵庫 | AQ13: 0 | AR13: Y | AT13: 現役 | AU13: R以外
A14: 2605700014 | B14: 57 | C14: 11_神戸校 | D14: 57 | E14: 4.神戸校 | F14: 神田 美宙 | G14: ｶﾝﾀﾞ ﾐﾕ | H14: 2 | I14: 655-0882 | J14: 兵庫県 | K14: 0 | L14: 2026 | M14: 46027 | N14: H04 | O14: 7 | P14: 266 | Q14: 税理士スタンダードコース | R14: 2 | S14: 1 | T14: 税理士会計士系 | U14: 3 | V14: 2680130 | W14: 0 | AA14: 46041 | AB14: 26 | AC14: 80130 | AD14: 57 | AE14: 11_神戸校 | AF14: 57 | AG14: 4.神戸校 | AH14: H04 | AI14: 7 | AJ14: 266 | AL14: 28198 | AM14: 県立 | AN14: 須磨友が丘 | AO14: 28 | AP14: 兵庫 | AQ14: 0 | AR14: Y | AT14: 現役以外 | AU14: R以外
A15: 2605700015 | B15: 57 | C15: 11_神戸校 | D15: 57 | E15: 4.神戸校 | F15: 中塚 雪乃 | G15: ﾅｶﾂｶ ﾕｷﾉ | H15: 2 | I15: 655-0892 | J15: 兵庫県 | K15: 2026 | L15: 2026 | M15: 46030 | N15: H04 | O15: 58 | P15: 290 | Q15: 公務員総合コース | R15: 2 | S15: 2 | T15: 公務員 | U15: 1 | V15: 0 | W15: 0 | AB15: 0 | AC15: 0 | AD15: 0 | AE15: 0_未手続 | AG15: 0_未手続 | AJ15: 0 | AK15: Y | AL15: 28210 | AM15: 県立 | AN15: 伊川谷北 | AO15: 28 | AP15: 兵庫 | AQ15: 0 | AR15: Y | AT15: 現役 | AU15: R以外
A16: 2605700016 | B16: 57 | C16: 11_神戸校 | D16: 57 | E16: 4.神戸校 | F16: 神吉 颯之介 | G16: ｶﾝｷ ｿｳﾉｽｹ | H16: 1 | I16: 673-0442 | J16: 兵庫県 | K16: 0 | L16: 2026 | M16: 46031 | N16: H04 | O16: 2ｱ | P16: 56 | Q16: 警察官・消防官コース | R16: 1 | S16: 36 | T16: 専攻科公務員系 | U16: 27 | V16: 2680133 | W16: 0 | Z16: C | AA16: 46049 | AB16: 26 | AC16: 80133 | AD16: 57 | AE16: 11_神戸校 | AF16: 57 | AG16: 4.神戸校 | AH16: H04 | AI16: 2ｱ | AJ16: 56 | AL16: 28033 | AM16: 県立 | AN16: 吉川 | AO16: 28 | AP16: 兵庫 | AQ16: 0 | AR16: Y | AT16: 現役以外 | AU16: R以外
A17: 2605700017 | B17: 57 | C17: 11_神戸校 | D17: 57 | E17: 4.神戸校 | F17: 川濱 圭佑 | G17: ｶﾜﾊﾏ ｹｲｽｹ | H17: 1 | I17: 667-1105 | J17: 兵庫県 | K17: 2026 | L17: 2026 | M17: 46033 | N17: H04 | O17: 0ｽ | P17: 502 | Q17: スポーツトレーナーコース | R17: 2 | S17: 5 | T17: スポーツ系 | U17: 15 | V17: 2680135 | W17: 0 | Z17: S | AA17: 46050 | AB17: 26 | AC17: 80135 | AD17: 57 | AE17: 11_神戸校 | AF17: 57 | AG17: 4.神戸校 | AH17: H04 | AI17: 0ｽ | AJ17: 502 | AL17: 28180 | AM17: 県立 | AN17: 八鹿 | AO17: 28 | AP17: 兵庫 | AQ17: 0 | AR17: Y | AT17: 現役 | AU17: R以外
A18: 2605700018 | B18: 57 | C18: 11_神戸校 | D18: 57 | E18: 4.神戸校 | F18: 小林 桜介 | G18: ｺﾊﾞﾔｼ ｵｳｽｹ | H18: 1 | I18: 625-0070 | J18: 京都府 | K18: 2026 | L18: 2026 | M18: 46037 | N18: H04 | O18: 58 | P18: 428 | Q18: 消防官コース | R18: 2 | S18: 2 | T18: 公務員 | U18: 1 | V18: 0 | W18: 0 | AB18: 0 | AC18: 0 | AD18: 0 | AE18: 0_未手続 | AG18: 0_未手続 | AJ18: 0 | AK18: Y | AL18: 26069 | AM18: 府立 | AN18: 西舞鶴 | AO18: 26 | AP18: 京都 | AQ18: 0 | AR18: Y | AT18: 現役 | AU18: R以外
A19: 2605700019 | B19: 57 | C19: 11_神戸校 | D19: 57 | E19: 4.神戸校 | F19: 川野 紗菜 | G19: ｶﾜﾉ ｻﾅ | H19: 2 | I19: 656-1344 | J19: 兵庫県 | K19: 2026 | L19: 2026 | M19: 46043 | N19: H04 | O19: 58 | P19: 857 | Q19: 府庁・県庁等初級レベルコース | R19: 2 | S19: 2 | T19: 公務員 | U19: 1 | V19: 2680136 | W19: 0 | Z19: S | AA19: 46057 | AB19: 26 | AC19: 80136 | AD19: 57 | AE19: 11_神戸校 | AF19: 57 | AG19: 4.神戸校 | AH19: H04 | AI19: 58 | AJ19: 857 | AL19: 28150 | AM19: 県立 | AN19: 洲本実業 | AO19: 28 | AP19: 兵庫 | AQ19: 0 | AR19: Y | AT19: 現役 | AU19: R以外
A20: 2605700020 | B20: 57 | C20: 11_神戸校 | D20: 57 | E20: 4.神戸校 | F20: 倉本 駿 | G20: ｸﾗﾓﾄ ｼｭﾝ | H20: 1 | I20: 651-0073 | J20: 兵庫県 | K20: 2026 | L20: 2026 | M20: 46046 | N20: H04 | O20: 58 | P20: 856 | Q20: 国家公務員初級レベルコース | R20: 2 | S20: 2 | T20: 公務員 | U20: 1 | V20: 2680140 | W20: 0 | Z20: S | AA20: 46062 | AB20: 26 | AC20: 80140 | AD20: 57 | AE20: 11_神戸校 | AF20: 57 | AG20: 4.神戸校 | AH20: H04 | AI20: 58 | AJ20: 856 | AL20: 28030 | AM20: 県立 | AN20: 神戸商業 | AO20: 28 | AP20: 兵庫 | AQ20: 0 | AR20: Y | AT20: 現役 | AU20: R以外
A21: 2605700021 | B21: 57 | C21: 11_神戸校 | D21: 57 | E21: 4.神戸校 | F21: 鍋内 真人 | G21: ﾅﾍﾞｳﾁ ﾏｻﾄ | H21: 1 | I21: 651-1332 | J21: 兵庫県 | K21: 2026 | L21: 2026 | M21: 46046 | N21: H04 | O21: 58 | P21: 428 | Q21: 消防官コース | R21: 2 | S21: 2 | T21: 公務員 | U21: 1 | V21: 2680139 | W21: 0 | AA21: 46062 | AB21: 26 | AC21: 80139 | AD21: 57 | AE21: 11_神戸校 | AF21: 57 | AG21: 4.神戸校 | AH21: H04 | AI21: 58 | AJ21: 428 | AL21: 28009 | AM21: 県立 | AN21: 神戸甲北 | AO21: 28 | AP21: 兵庫 | AQ21: 0 | AR21: Y | AT21: 現役 | AU21: R以外
A22: 2605700022 | B22: 57 | C22: 11_神戸校 | D22: 57 | E22: 4.神戸校 | F22: 髙須加 愛 | G22: ﾀｶｽｶ ｱｲ | H22: 2 | I22: 654-0132 | J22: 兵庫県 | K22: 2026 | L22: 2026 | M22: 46046 | N22: H04 | O22: 57 | P22: 1775 | Q22: オフィスビジネス専攻コース | R22: 2 | S22: 3 | T22: ビジネス系 | U22: 4 | V22: 2680143 | W22: 0 | Z22: S | AA22: 46065 | AB22: 26 | AC22: 80143 | AD22: 57 | AE22: 11_神戸校 | AF22: 57 | AG22: 4.神戸校 | AH22: H04 | AI22: 57 | AJ22: 1775 | AL22: 28282 | AM22: 市立 | AN22: 神港橘 | AO22: 28 | AP22: 兵庫 | AQ22: 0 | AR22: Y | AT22: 現役 | AU22: R以外
A23: 2605700023 | B23: 57 | C23: 11_神戸校 | D23: 57 | E23: 4.神戸校 | F23: 海老名 ひなた | G23: ｴﾋﾞﾅ ﾋﾅﾀ | H23: 2 | I23: 676-0082 | J23: 兵庫県 | K23: 0 | L23: 2026 | M23: 46048 | N23: H04 | O23: 6 | P23: 488 | Q23: 公認会計士スタンダードコース | R23: 2 | S23: 1 | T23: 税理士会計士系 | U23: 3 | V23: 0 | W23: 0 | AB23: 0 | AC23: 0 | AD23: 0 | AE23: 0_未手続 | AG23: 0_未手続 | AJ23: 0 | AL23: 28102 | AM23: 県立 | AN23: 加古川西 | AO23: 28 | AP23: 兵庫 | AQ23: 0 | AR23: Y | AT23: 現役以外 | AU23: R以外
A24: 2605700024 | B24: 57 | C24: 11_神戸校 | D24: 57 | E24: 4.神戸校 | F24: 岡田 莉奈 | G24: ｵｶﾀﾞ ﾘﾅ | H24: 2 | I24: 675-0066 | J24: 兵庫県 | K24: 2026 | L24: 2026 | M24: 46053 | N24: H04 | O24: 6 | P24: 488 | Q24: 公認会計士スタンダードコース | R24: 2 | S24: 1 | T24: 税理士会計士系 | U24: 3 | V24: 0 | W24: 0 | AB24: 0 | AC24: 0 | AD24: 0 | AE24: 0_未手続 | AG24: 0_未手続 | AJ24: 0 | AL24: 28041 | AM24: 私立 | AN24: 松蔭 | AO24: 28 | AP24: 兵庫 | AQ24: 0 | AR24: Y | AT24: 現役 | AU24: R以外
A25: 2605700025 | B25: 57 | C25: 11_神戸校 | D25: 57 | E25: 4.神戸校 | F25: 大濱 実紗 | G25: ｵｵﾊﾏ ﾐｻ | H25: 2 | I25: 656-0471 | J25: 兵庫県 | K25: 2026 | L25: 2026 | M25: 46056 | N25: H04 | O25: 7 | P25: 266 | Q25: 税理士スタンダードコース | R25: 2 | S25: 1 | T25: 税理士会計士系 | U25: 3 | V25: 0 | W25: 0 | AB25: 0 | AC25: 0 | AD25: 0 | AE25: 0_未手続 | AG25: 0_未手続 | AJ25: 0 | AL25: 28246 | AM25: 県立 | AN25: 淡路三原 | AO25: 28 | AP25: 兵庫 | AQ25: 0 | AR25: Y | AT25: 現役 | AU25: R以外
A26: 2605700801 | B26: 57 | C26: 11_神戸校 | D26: 57 | E26: 4.神戸校 | F26: レ イェン ニィ | G26: ﾚ ｲｪﾝ ﾆｨ | H26: 2 | I26: 671-0253 | J26: 兵庫県 | K26: 2026 | L26: 2026 | M26: 45901 | N26: H04 | O26: 57 | P26: 1044 | Q26: 事務・経理職専攻コース | R26: 2 | S26: 3 | T26: ビジネス系 | U26: 4 | V26: 2680034 | W26: 0 | Z26: D | AA26: 45960 | AB26: 26 | AC26: 80034 | AD26: 57 | AE26: 11_神戸校 | AF26: 57 | AG26: 4.神戸校 | AH26: H04 | AI26: 1Q | AJ26: 1170 | AL26: 50448 | AN26: 創智国際学院 | AO26: 28 | AP26: 兵庫 | AQ26: 1 | AR26: Y | AT26: 現役 | AU26: R以外
A27: 2605700802 | B27: 57 | C27: 11_神戸校 | D27: 57 | E27: 4.神戸校 | F27: シワコティ ディペス | G27: ｼﾜｺﾃｨ ﾃﾞｨﾍﾟｽ | H27: 1 | I27: 670-0844 | J27: 兵庫県 | K27: 2026 | L27: 2026 | M27: 45901 | N27: H04 | O27: 57 | P27: 1044 | Q27: 事務・経理職専攻コース | R27: 2 | S27: 3 | T27: ビジネス系 | U27: 4 | V27: 0 | W27: 0 | Z27: D | AB27: 0 | AC27: 0 | AD27: 0 | AE27: 0_未手続 | AG27: 0_未手続 | AJ27: 0 | AL27: 50448 | AN27: 創智国際学院 | AO27: 28 | AP27: 兵庫 | AQ27: 1 | AR27: N | AT27: 現役 | AU27: R以外
A28: 2605700803 | B28: 57 | C28: 11_神戸校 | D28: 57 | E28: 4.神戸校 | F28: ガハ ビバシュ | G28: ｶﾞﾊ ﾋﾞﾊﾞｼｭ | H28: 1 | I28: 658-0073 | J28: 兵庫県 | K28: 2026 | L28: 2026 | M28: 45921 | N28: H04 | O28: 1Q | P28: 1170 | Q28: 国際コミュニケーション（スタンダード） | R28: 1 | S28: 15 | T28: 留学生 | U28: 37 | V28: 2680045 | W28: 0 | Z28: D | AA28: 45974 | AB28: 26 | AC28: 80045 | AD28: 57 | AE28: 11_神戸校 | AF28: 57 | AG28: 4.神戸校 | AH28: H04 | AI28: 1Q | AJ28: 1170 | AL28: 50446 | AN28: 日本語学院みらい | AO28: 28 | AP28: 兵庫 | AQ28: 1 | AR28: Y | AT28: 現役 | AU28: R以外
A29: 2605700804 | B29: 57 | C29: 11_神戸校 | D29: 57 | E29: 4.神戸校 | F29: ズオン クアン フイ | G29: ｽﾞｵﾝ ｸｱﾝ ﾌｲ | H29: 1 | I29: 676-0827 | J29: 兵庫県 | K29: 2026 | L29: 2026 | M29: 45930 | N29: H04 | O29: 1Q | P29: 1170 | Q29: 国際コミュニケーション（スタンダード） | R29: 1 | S29: 15 | T29: 留学生 | U29: 37 | V29: 2680062 | W29: 0 | Z29: D | AA29: 45986 | AB29: 26 | AC29: 80062 | AD29: 57 | AE29: 11_神戸校 | AF29: 57 | AG29: 4.神戸校 | AH29: H04 | AI29: 1Q | AJ29: 1170 | AL29: 50740 | AN29: Ｎｅｓｔ２１日本語学院 | AO29: 28 | AP29: 兵庫 | AQ29: 1 | AR29: Y | AT29: 現役 | AU29: R以外
A30: 2605700805 | B30: 57 | C30: 11_神戸校 | D30: 57 | E30: 4.神戸校 | F30: ロカヤ ラクシュミ クマリ | G30: ﾛｶﾔ ﾗｸｼｭﾐ ｸﾏﾘ | H30: 2 | I30: 676-0827 | J30: 兵庫県 | K30: 2026 | L30: 2026 | M30: 45934 | N30: H04 | O30: 1Q | P30: 1170 | Q30: 国際コミュニケーション（スタンダード） | R30: 1 | S30: 15 | T30: 留学生 | U30: 37 | V30: 2680057 | W30: 0 | Z30: D | AA30: 45981 | AB30: 26 | AC30: 80057 | AD30: 57 | AE30: 11_神戸校 | AF30: 57 | AG30: 4.神戸校 | AH30: H04 | AI30: 1Q | AJ30: 1170 | AL30: 50740 | AN30: Ｎｅｓｔ２１日本語学院 | AO30: 28 | AP30: 兵庫 | AQ30: 1 | AR30: Y | AT30: 現役 | AU30: R以外
A31: 2605700806 | B31: 57 | C31: 11_神戸校 | D31: 57 | E31: 4.神戸校 | F31: メイ ジン トウ | G31: ﾒｲ ｼﾞﾝ ﾄｳ | H31: 2 | I31: 651-0093 | J31: 兵庫県 | K31: 2026 | L31: 2026 | M31: 45936 | N31: H04 | O31: 1Q | P31: 1170 | Q31: 国際コミュニケーション（スタンダード） | R31: 1 | S31: 15 | T31: 留学生 | U31: 37 | V31: 2680043 | W31: 0 | Z31: D | AA31: 45972 | AB31: 26 | AC31: 80043 | AD31: 57 | AE31: 11_神戸校 | AF31: 57 | AG31: 4.神戸校 | AH31: H04 | AI31: 1Q | AJ31: 1170 | AL31: 50446 | AN31: 日本語学院みらい | AO31: 28 | AP31: 兵庫 | AQ31: 1 | AR31: Y | AT31: 現役 | AU31: R以外
A32: 2605700807 | B32: 57 | C32: 11_神戸校 | D32: 57 | E32: 4.神戸校 | F32: グエン ティ キム クイ | G32: ｸﾞｴﾝ ﾃｨ ｷﾑ ｸｲ | H32: 2 | I32: 650-0017 | J32: 兵庫県 | K32: 0 | L32: 2026 | M32: 45938 | N32: H04 | O32: 57 | P32: 1756 | Q32: マーケティングビジネス専攻 | R32: 2 | S32: 3 | T32: ビジネス系 | U32: 4 | V32: 2680050 | W32: 0 | Z32: D | AA32: 45979 | AB32: 26 | AC32: 80050 | AD32: 57 | AE32: 11_神戸校 | AF32: 57 | AG32: 4.神戸校 | AH32: H04 | AI32: 57 | AJ32: 1756 | AL32: 50811 | AN32: 五島日本語学校 | AO32: 42 | AP32: 長崎 | AQ32: 1 | AR32: Y | AT32: 現役以外 | AU32: R以外
A33: 2605700808 | B33: 57 | C33: 11_神戸校 | D33: 57 | E33: 4.神戸校 | F33: ホサン アズマイン | G33: ﾎｻﾝ ｱｽﾞﾏｲﾝ | H33: 1 | I33: 650-0003 | J33: 兵庫県 | K33: 2026 | L33: 2026 | M33: 45940 | N33: H04 | O33: 1Q | P33: 1170 | Q33: 国際コミュニケーション（スタンダード） | R33: 1 | S33: 15 | T33: 留学生 | U33: 37 | V33: 2680066 | W33: 0 | Z33: D | AA33: 45988 | AB33: 26 | AC33: 80066 | AD33: 57 | AE33: 11_神戸校 | AF33: 57 | AG33: 4.神戸校 | AH33: H04 | AI33: 1Q | AJ33: 1170 | AL33: 50446 | AN33: 日本語学院みらい | AO33: 28 | AP33: 兵庫 | AQ33: 1 | AR33: Y | AT33: 現役 | AU33: R以外
A34: 2605700809 | B34: 57 | C34: 11_神戸校 | D34: 57 | E34: 4.神戸校 | F34: ミム シャキラ アクタル | G34: ﾐﾑ ｼｬｷﾗ ｱｸﾀﾙ | H34: 2 | I34: 650-0012 | J34: 兵庫県 | K34: 2026 | L34: 2026 | M34: 45940 | N34: H04 | O34: 1Q | P34: 1170 | Q34: 国際コミュニケーション（スタンダード） | R34: 1 | S34: 15 | T34: 留学生 | U34: 37 | V34: 2680068 | W34: 0 | Z34: D | AA34: 45989 | AB34: 26 | AC34: 80068 | AD34: 57 | AE34: 11_神戸校 | AF34: 57 | AG34: 4.神戸校 | AH34: H04 | AI34: 1Q | AJ34: 1170 | AL34: 50446 | AN34: 日本語学院みらい | AO34: 28 | AP34: 兵庫 | AQ34: 1 | AR34: Y | AT34: 現役 | AU34: R以外
A35: 2605700810 | B35: 57 | C35: 11_神戸校 | D35: 57 | E35: 4.神戸校 | F35: イスラム エムディ トリクル | G35: ｲｽﾗﾑ ｴﾑﾃﾞｨ ﾄﾘｸﾙ | H35: 1 | I35: 661-0981 | J35: 兵庫県 | K35: 2026 | L35: 2026 | M35: 45940 | N35: H04 | O35: 57 | P35: 1756 | Q35: マーケティングビジネス専攻 | R35: 2 | S35: 3 | T35: ビジネス系 | U35: 4 | V35: 2680086 | W35: 0 | Z35: D | AA35: 46007 | AB35: 26 | AC35: 80086 | AD35: 57 | AE35: 11_神戸校 | AF35: 57 | AG35: 4.神戸校 | AH35: H04 | AI35: 1Q | AJ35: 1170 | AL35: 50726 | AN35: 大阪観光大学日本語別科伊丹サテライト校 | AO35: 28 | AP35: 兵庫 | AQ35: 1 | AR35: Y | AT35: 現役 | AU35: R以外
A36: 2605700811 | B36: 57 | C36: 11_神戸校 | D36: 57 | E36: 4.神戸校 | F36: フィン ヴァン クオン | G36: ﾌｨﾝ ｳﾞｧﾝ ｸｵﾝ | H36: 1 | I36: 671-0232 | J36: 兵庫県 | K36: 2026 | L36: 2026 | M36: 45942 | N36: H04 | O36: 1Q | P36: 1170 | Q36: 国際コミュニケーション（スタンダード） | R36: 1 | S36: 15 | T36: 留学生 | U36: 37 | V36: 2680067 | W36: 0 | Z36: D | AA36: 45988 | AB36: 26 | AC36: 80067 | AD36: 57 | AE36: 11_神戸校 | AF36: 57 | AG36: 4.神戸校 | AH36: H04 | AI36: 1Q | AJ36: 1170 | AL36: 50740 | AN36: Ｎｅｓｔ２１日本語学院 | AO36: 28 | AP36: 兵庫 | AQ36: 1 | AR36: Y | AT36: 現役 | AU36: R以外
A37: 2605700812 | B37: 57 | C37: 11_神戸校 | D37: 57 | E37: 4.神戸校 | F37: チャン トゥイ ティエン | G37: ﾁｬﾝ ﾄｩｲ ﾃｨｴﾝ | H37: 2 | I37: 124-0002 | J37: 東京都 | K37: 2026 | L37: 2026 | M37: 45948 | N37: H04 | O37: 1Q | P37: 1170 | Q37: 国際コミュニケーション（スタンダード） | R37: 1 | S37: 15 | T37: 留学生 | U37: 37 | V37: 0 | W37: 0 | Z37: D | AB37: 0 | AC37: 0 | AD37: 0 | AE37: 0_未手続 | AG37: 0_未手続 | AJ37: 0 | AL37: 50058 | AN37: 城東日本語学校 | AO37: 13 | AP37: 東京 | AQ37: 1 | AR37: Y | AT37: 現役 | AU37: R以外
A38: 2605700813 | B38: 57 | C38: 11_神戸校 | D38: 57 | E38: 4.神戸校 | F38: サン トゥン アウン | G38: ｻﾝ ﾄｩﾝ ｱｳﾝ | H38: 1 | I38: 650-0011 | J38: 兵庫県 | K38: 2026 | L38: 2026 | M38: 45953 | N38: H04 | O38: 1Q | P38: 1170 | Q38: 国際コミュニケーション（スタンダード） | R38: 1 | S38: 15 | T38: 留学生 | U38: 37 | V38: 2680071 | W38: 0 | Z38: D | AA38: 45994 | AB38: 26 | AC38: 80071 | AD38: 57 | AE38: 11_神戸校 | AF38: 57 | AG38: 4.神戸校 | AH38: H04 | AI38: 1Q | AJ38: 1170 | AL38: 50339 | AN38: 神戸東洋日本語学院 | AO38: 28 | AP38: 兵庫 | AQ38: 1 | AR38: Y | AT38: 現役 | AU38: R以外
A39: 2605700814 | B39: 57 | C39: 11_神戸校 | D39: 57 | E39: 4.神戸校 | F39: ワルナクラスーリヤ ドゥラカラ サスミタ | G39: ﾜﾙﾅｸﾗｽｰﾘﾔ ﾄﾞｩﾗｶﾗ ｻｽﾐﾀ | H39: 1 | I39: 658-0044 | J39: 兵庫県 | K39: 2026 | L39: 2026 | M39: 45953 | N39: H04 | O39: 1Q | P39: 1170 | Q39: 国際コミュニケーション（スタンダード） | R39: 1 | S39: 15 | T39: 留学生 | U39: 37 | V39: 2680085 | W39: 0 | Z39: D | AA39: 46007 | AB39: 26 | AC39: 80085 | AD39: 57 | AE39: 11_神戸校 | AF39: 57 | AG39: 4.神戸校 | AH39: H04 | AI39: 1Q | AJ39: 1170 | AL39: 50735 | AN39: 神戸ＫＲ学院 | AO39: 28 | AP39: 兵庫 | AQ39: 1 | AR39: Y | AT39: 現役 | AU39: R以外
A40: 2605700815 | B40: 57 | C40: 11_神戸校 | D40: 57 | E40: 4.神戸校 | F40: タパ クリサ | G40: ﾀﾊﾟ ｸﾘｻ | H40: 2 | I40: 577-0015 | J40: 大阪府 | K40: 2026 | L40: 2026 | M40: 45953 | N40: H04 | O40: 57 | P40: 1775 | Q40: オフィスビジネス専攻コース | R40: 2 | S40: 3 | T40: ビジネス系 | U40: 4 | V40: 0 | W40: 0 | Z40: D | AB40: 0 | AC40: 0 | AD40: 0 | AE40: 0_未手続 | AG40: 0_未手続 | AJ40: 0 | AL40: 50749 | AN40: 大阪ニューポイント日本語学校 | AO40: 27 | AP40: 大阪 | AQ40: 1 | AR40: N | AT40: 現役 | AU40: R以外
A41: 2605700816 | B41: 57 | C41: 11_神戸校 | D41: 57 | E41: 4.神戸校 | F41: チャウダリ ドゥルガ クマリ | G41: ﾁｬｳﾀﾞﾘ ﾄﾞｩﾙｶﾞ ｸﾏﾘ | H41: 2 | I41: 557-0014 | J41: 大阪府 | K41: 2026 | L41: 2026 | M41: 45955 | N41: H04 | O41: 57 | P41: 1756 | Q41: マーケティングビジネス専攻 | R41: 2 | S41: 3 | T41: ビジネス系 | U41: 4 | V41: 0 | W41: 0 | Z41: D | AB41: 0 | AC41: 0 | AD41: 0 | AE41: 0_未手続 | AG41: 0_未手続 | AJ41: 0 | AL41: 50074 | AN41: ＩＳＩランゲージスクール大阪校 | AO41: 27 | AP41: 大阪 | AQ41: 1 | AR41: N | AT41: 現役 | AU41: R以外
A42: 2605700817 | B42: 57 | C42: 11_神戸校 | D42: 57 | E42: 4.神戸校 | F42: シュレスタ スバス | G42: ｼｭﾚｽﾀ ｽﾊﾞｽ | H42: 1 | I42: 545-0021 | J42: 大阪府 | K42: 2026 | L42: 2026 | M42: 45955 | N42: H04 | O42: 57 | P42: 1756 | Q42: マーケティングビジネス専攻 | R42: 2 | S42: 3 | T42: ビジネス系 | U42: 4 | V42: 0 | W42: 0 | Z42: D | AB42: 0 | AC42: 0 | AD42: 0 | AE42: 0_未手続 | AG42: 0_未手続 | AJ42: 0 | AL42: 50074 | AN42: ＩＳＩランゲージスクール大阪校 | AO42: 27 | AP42: 大阪 | AQ42: 1 | AR42: N | AT42: 現役 | AU42: R以外
A43: 2605700818 | B43: 57 | C43: 11_神戸校 | D43: 57 | E43: 4.神戸校 | F43: ギシン サンギタ | G43: ｷﾞｼﾝ ｻﾝｷﾞﾀ | H43: 2 | I43: 537-0025 | J43: 大阪府 | K43: 2026 | L43: 2026 | M43: 45955 | N43: H04 | O43: 57 | P43: 1756 | Q43: マーケティングビジネス専攻 | R43: 2 | S43: 3 | T43: ビジネス系 | U43: 4 | V43: 2680128 | W43: 0 | Z43: D | AA43: 46037 | AB43: 26 | AC43: 80128 | AD43: 57 | AE43: 11_神戸校 | AF43: 57 | AG43: 4.神戸校 | AH43: H04 | AI43: 1Q | AJ43: 1170 | AL43: 50074 | AN43: ＩＳＩランゲージスクール大阪校 | AO43: 27 | AP43: 大阪 | AQ43: 1 | AR43: Y | AT43: 現役 | AU43: R以外
A44: 2605700819 | B44: 57 | C44: 11_神戸校 | D44: 57 | E44: 4.神戸校 | F44: ムディヤリ アーラティ | G44: ﾑﾃﾞｨﾔﾘ ｱｰﾗﾃｨ | H44: 2 | I44: 537-0025 | J44: 大阪府 | K44: 2026 | L44: 2026 | M44: 45955 | N44: H04 | O44: 57 | P44: 1756 | Q44: マーケティングビジネス専攻 | R44: 2 | S44: 3 | T44: ビジネス系 | U44: 4 | V44: 0 | W44: 0 | Z44: D | AB44: 0 | AC44: 0 | AD44: 0 | AE44: 0_未手続 | AG44: 0_未手続 | AJ44: 0 | AL44: 50074 | AN44: ＩＳＩランゲージスクール大阪校 | AO44: 27 | AP44: 大阪 | AQ44: 1 | AR44: N | AT44: 現役 | AU44: R以外
A45: 2605700820 | B45: 57 | C45: 11_神戸校 | D45: 57 | E45: 4.神戸校 | F45: バヤク ラメシュ クマル | G45: ﾊﾞﾔｸ ﾗﾒｼｭ ｸﾏﾙ | H45: 1 | I45: 657-0844 | J45: 兵庫県 | K45: 2026 | L45: 2026 | M45: 45957 | N45: H04 | O45: 1Q | P45: 1170 | Q45: 国際コミュニケーション（スタンダード） | R45: 1 | S45: 15 | T45: 留学生 | U45: 37 | V45: 0 | W45: 0 | Z45: D | AB45: 0 | AC45: 0 | AD45: 0 | AE45: 0_未手続 | AG45: 0_未手続 | AJ45: 0 | AL45: 50431 | AN45: 秀明神戸国際学院 | AO45: 28 | AP45: 兵庫 | AQ45: 1 | AR45: N | AT45: 現役 | AU45: R以外
A46: 2605700821 | B46: 57 | C46: 11_神戸校 | D46: 57 | E46: 4.神戸校 | F46: シャルマ ポウデル ユリナ | G46: ｼｬﾙﾏ ﾎﾟｳﾃﾞﾙ ﾕﾘﾅ | H46: 2 | I46: 657-0824 | J46: 兵庫県 | K46: 2026 | L46: 2026 | M46: 45957 | N46: H04 | O46: 1Q | P46: 1170 | Q46: 国際コミュニケーション（スタンダード） | R46: 1 | S46: 15 | T46: 留学生 | U46: 37 | V46: 2680096 | W46: 0 | Z46: D | AA46: 46013 | AB46: 26 | AC46: 80096 | AD46: 57 | AE46: 11_神戸校 | AF46: 57 | AG46: 4.神戸校 | AH46: H04 | AI46: 1Q | AJ46: 1170 | AL46: 50431 | AN46: 秀明神戸国際学院 | AO46: 28 | AP46: 兵庫 | AQ46: 1 | AR46: Y | AT46: 現役 | AU46: R以外
A47: 2605700822 | B47: 57 | C47: 11_神戸校 | D47: 57 | E47: 4.神戸校 | F47: ラマ サンジャヤ | G47: ﾗﾏ ｻﾝｼﾞｬﾔ | H47: 1 | I47: 657-0052 | J47: 兵庫県 | K47: 2026 | L47: 2026 | M47: 45958 | N47: H04 | O47: 1Q | P47: 1170 | Q47: 国際コミュニケーション（スタンダード） | R47: 1 | S47: 15 | T47: 留学生 | U47: 37 | V47: 0 | W47: 0 | Z47: D | AB47: 0 | AC47: 0 | AD47: 0 | AE47: 0_未手続 | AG47: 0_未手続 | AJ47: 0 | AL47: 50431 | AN47: 秀明神戸国際学院 | AO47: 28 | AP47: 兵庫 | AQ47: 1 | AR47: N | AT47: 現役 | AU47: R以外
A48: 2605700823 | B48: 57 | C48: 11_神戸校 | D48: 57 | E48: 4.神戸校 | F48: アラファト エムディ | G48: ｱﾗﾌｧﾄ ｴﾑﾃﾞｨ | H48: 1 | I48: 422-8057 | J48: 静岡県 | K48: 2026 | L48: 2026 | M48: 45959 | N48: H04 | O48: 1Q | P48: 1170 | Q48: 国際コミュニケーション（スタンダード） | R48: 1 | S48: 15 | T48: 留学生 | U48: 37 | V48: 2680089 | W48: 0 | Z48: D | AA48: 46008 | AB48: 26 | AC48: 80089 | AD48: 57 | AE48: 11_神戸校 | AF48: 57 | AG48: 4.神戸校 | AH48: H04 | AI48: 1Q | AJ48: 1170 | AL48: 50526 | AN48: 国際ことば学院日本語学校 | AO48: 22 | AP48: 静岡 | AQ48: 1 | AR48: Y | AT48: 現役 | AU48: R以外
A49: 2605700824 | B49: 57 | C49: 11_神戸校 | D49: 57 | E49: 4.神戸校 | F49: ラマ プラビク | G49: ﾗﾏ ﾌﾟﾗﾋﾞｸ | H49: 1 | I49: 657-0036 | J49: 兵庫県 | K49: 2026 | L49: 2026 | M49: 45959 | N49: H04 | O49: 1Q | P49: 1170 | Q49: 国際コミュニケーション（スタンダード） | R49: 1 | S49: 15 | T49: 留学生 | U49: 37 | V49: 0 | W49: 0 | Z49: D | AB49: 0 | AC49: 0 | AD49: 0 | AE49: 0_未手続 | AG49: 0_未手続 | AJ49: 0 | AL49: 50431 | AN49: 秀明神戸国際学院 | AO49: 28 | AP49: 兵庫 | AQ49: 1 | AR49: N | AT49: 現役 | AU49: R以外
A50: 2605700825 | B50: 57 | C50: 11_神戸校 | D50: 57 | E50: 4.神戸校 | F50: パイン ゼイ ウ― | G50: ﾊﾟｲﾝ ｾﾞｲ ｳｰ | H50: 1 | I50: 652-0813 | J50: 兵庫県 | K50: 2026 | L50: 2026 | M50: 45960 | N50: H04 | O50: 57 | P50: 1044 | Q50: 事務・経理職専攻コース | R50: 2 | S50: 3 | T50: ビジネス系 | U50: 4 | V50: 0 | W50: 0 | Z50: D | AB50: 0 | AC50: 0 | AD50: 0 | AE50: 0_未手続 | AG50: 0_未手続 | AJ50: 0 | AL50: 50442 | AN50: 富藤外国語学院 | AO50: 28 | AP50: 兵庫 | AQ50: 1 | AR50: N | AT50: 現役 | AU50: R以外
A51: 2605700826 | B51: 57 | C51: 11_神戸校 | D51: 57 | E51: 4.神戸校 | F51: ガルシンゲ デパナドゥラゲ カウシャル | G51: ｶﾞﾙｼﾝｹﾞ ﾃﾞﾊﾟﾅﾄﾞｩﾗｹﾞ ｶｳｼｬﾙ ｻﾝｸﾞｶﾙﾏ | H51: 1 | I51: 652-0823 | J51: 兵庫県 | K51: 2026 | L51: 2026 | M51: 45961 | N51: H04 | O51: 1Q | P51: 1170 | Q51: 国際コミュニケーション（スタンダード） | R51: 1 | S51: 15 | T51: 留学生 | U51: 37 | V51: 2680084 | W51: 0 | Z51: D | AA51: 46007 | AB51: 26 | AC51: 80084 | AD51: 57 | AE51: 11_神戸校 | AF51: 57 | AG51: 4.神戸校 | AH51: H04 | AI51: 1Q | AJ51: 1170 | AL51: 50433 | AN51: アリスト外語学院 | AO51: 28 | AP51: 兵庫 | AQ51: 1 | AR51: Y | AT51: 現役 | AU51: R以外
A52: 2605700827 | B52: 57 | C52: 11_神戸校 | D52: 57 | E52: 4.神戸校 | F52: イスラム エムディ アミヌル | G52: ｲｽﾗﾑ ｴﾑﾃﾞｨ ｱﾐﾇﾙ | H52: 1 | I52: 651-0079 | J52: 兵庫県 | K52: 2026 | L52: 2026 | M52: 45966 | N52: H04 | O52: 1Q | P52: 1170 | Q52: 国際コミュニケーション（スタンダード） | R52: 1 | S52: 15 | T52: 留学生 | U52: 37 | V52: 2680126 | W52: 0 | Z52: D | AA52: 46036 | AB52: 26 | AC52: 80126 | AD52: 57 | AE52: 11_神戸校 | AF52: 57 | AG52: 4.神戸校 | AH52: H04 | AI52: 1Q | AJ52: 1170 | AL52: 50441 | AN52: 春日日本語学院 | AO52: 28 | AP52: 兵庫 | AQ52: 1 | AR52: Y | AT52: 現役 | AU52: R以外
A53: 2605700828 | B53: 57 | C53: 11_神戸校 | D53: 57 | E53: 4.神戸校 | F53: トー ダー ミンミン | G53: ﾄｰ ﾀﾞｰ ﾐﾝﾐﾝ | H53: 2 | I53: 653-0004 | J53: 兵庫県 | K53: 2026 | L53: 2026 | M53: 45966 | N53: H04 | O53: 57 | P53: 1044 | Q53: 事務・経理職専攻コース | R53: 2 | S53: 3 | T53: ビジネス系 | U53: 4 | V53: 2680114 | W53: 0 | Z53: D | AA53: 46029 | AB53: 26 | AC53: 80114 | AD53: 57 | AE53: 11_神戸校 | AF53: 57 | AG53: 4.神戸校 | AH53: H04 | AI53: 57 | AJ53: 1044 | AL53: 50438 | AN53: 国際語学学院 | AO53: 28 | AP53: 兵庫 | AQ53: 1 | AR53: Y | AT53: 現役 | AU53: R以外
A54: 2605700829 | B54: 57 | C54: 11_神戸校 | D54: 57 | E54: 4.神戸校 | F54: ディムドン ラメス | G54: ﾃﾞｨﾑﾄﾞﾝ ﾗﾒｽ | H54: 1 | I54: 658-0041 | J54: 兵庫県 | K54: 2026 | L54: 2026 | M54: 45966 | N54: H04 | O54: 1Q | P54: 1170 | Q54: 国際コミュニケーション（スタンダード） | R54: 1 | S54: 15 | T54: 留学生 | U54: 37 | V54: 0 | W54: 0 | Z54: D | AB54: 0 | AC54: 0 | AD54: 0 | AE54: 0_未手続 | AG54: 0_未手続 | AJ54: 0 | AL54: 50431 | AN54: 秀明神戸国際学院 | AO54: 28 | AP54: 兵庫 | AQ54: 1 | AR54: N | AT54: 現役 | AU54: R以外
A55: 2605700830 | B55: 57 | C55: 11_神戸校 | D55: 57 | E55: 4.神戸校 | F55: シュレスタ スサン | G55: ｼｭﾚｽﾀ ｽｻﾝ | H55: 1 | I55: 658-0044 | J55: 兵庫県 | K55: 2026 | L55: 2026 | M55: 45968 | N55: H04 | O55: 1Q | P55: 1170 | Q55: 国際コミュニケーション（スタンダード） | R55: 1 | S55: 15 | T55: 留学生 | U55: 37 | V55: 0 | W55: 0 | Z55: D | AB55: 0 | AC55: 0 | AD55: 0 | AE55: 0_未手続 | AG55: 0_未手続 | AJ55: 0 | AL55: 50431 | AN55: 秀明神戸国際学院 | AO55: 28 | AP55: 兵庫 | AQ55: 1 | AR55: N | AT55: 現役 | AU55: R以外
A56: 2605700831 | B56: 57 | C56: 11_神戸校 | D56: 57 | E56: 4.神戸校 | F56: エパーシンハ ムデヤンセーラーゲ | G56: ｴﾊﾟｰｼﾝﾊ ﾑﾃﾞﾔﾝｾｰﾗｰｹﾞ ｸﾑﾄｳ | H56: 1 | I56: 545-0011 | J56: 大阪府 | K56: 2026 | L56: 2026 | M56: 45968 | N56: H04 | O56: 1Q | P56: 1170 | Q56: 国際コミュニケーション（スタンダード） | R56: 1 | S56: 15 | T56: 留学生 | U56: 37 | V56: 0 | W56: 0 | Z56: D | AB56: 0 | AC56: 0 | AD56: 0 | AE56: 0_未手続 | AG56: 0_未手続 | AJ56: 0 | AL56: 50808 | AN56: ヒューマンアカデミー日本語学校神戸校 | AO56: 28 | AP56: 兵庫 | AQ56: 1 | AR56: N | AT56: 現役 | AU56: R以外
A57: 2605700832 | B57: 57 | C57: 11_神戸校 | D57: 57 | E57: 4.神戸校 | F57: シンガン クッティラゲ イマルカ | G57: ｼﾝｶﾞﾝ ｸｯﾃｨﾗｹﾞ ｲﾏﾙｶ ﾗｸｼｬﾝ | H57: 1 | I57: 657-0042 | J57: 兵庫県 | K57: 2026 | L57: 2026 | M57: 45972 | N57: H04 | O57: 1Q | P57: 1170 | Q57: 国際コミュニケーション（スタンダード） | R57: 1 | S57: 15 | T57: 留学生 | U57: 37 | V57: 0 | W57: 0 | Z57: D | AB57: 0 | AC57: 0 | AD57: 0 | AE57: 0_未手続 | AG57: 0_未手続 | AJ57: 0 | AL57: 50735 | AN57: 神戸ＫＲ学院 | AO57: 28 | AP57: 兵庫 | AQ57: 1 | AR57: N | AT57: 現役 | AU57: R以外
A58: 2605700833 | B58: 57 | C58: 11_神戸校 | D58: 57 | E58: 4.神戸校 | F58: スナール アクシャ | G58: ｽﾅｰﾙ ｱｸｼｬ | H58: 1 | I58: 657-0052 | J58: 兵庫県 | K58: 2026 | L58: 2026 | M58: 45972 | N58: H04 | O58: 1Q | P58: 1170 | Q58: 国際コミュニケーション（スタンダード） | R58: 1 | S58: 15 | T58: 留学生 | U58: 37 | V58: 0 | W58: 0 | Z58: D | AB58: 0 | AC58: 0 | AD58: 0 | AE58: 0_未手続 | AG58: 0_未手続 | AJ58: 0 | AL58: 50431 | AN58: 秀明神戸国際学院 | AO58: 28 | AP58: 兵庫 | AQ58: 1 | AR58: N | AT58: 現役 | AU58: R以外
A59: 2605700834 | B59: 57 | C59: 11_神戸校 | D59: 57 | E59: 4.神戸校 | F59: ディムドン プラビン | G59: ﾃﾞｨﾑﾄﾞﾝ ﾌﾟﾗﾋﾞﾝ | H59: 1 | I59: 657-0052 | J59: 兵庫県 | K59: 2026 | L59: 2026 | M59: 45972 | N59: H04 | O59: 1Q | P59: 1170 | Q59: 国際コミュニケーション（スタンダード） | R59: 1 | S59: 15 | T59: 留学生 | U59: 37 | V59: 0 | W59: 0 | Z59: D | AB59: 0 | AC59: 0 | AD59: 0 | AE59: 0_未手続 | AG59: 0_未手続 | AJ59: 0 | AL59: 50431 | AN59: 秀明神戸国際学院 | AO59: 28 | AP59: 兵庫 | AQ59: 1 | AR59: N | AT59: 現役 | AU59: R以外
A60: 2605700835 | B60: 57 | C60: 11_神戸校 | D60: 57 | E60: 4.神戸校 | F60: ウェイ ピョ アウン | G60: ｳｪｲ ﾋﾟｮ ｱｳﾝ | H60: 1 | I60: 650-0012 | J60: 兵庫県 | K60: 2026 | L60: 2026 | M60: 45972 | N60: H04 | O60: 1Q | P60: 1170 | Q60: 国際コミュニケーション（スタンダード） | R60: 1 | S60: 15 | T60: 留学生 | U60: 37 | V60: 2680117 | W60: 0 | Z60: D | AA60: 46030 | AB60: 26 | AC60: 80117 | AD60: 57 | AE60: 11_神戸校 | AF60: 57 | AG60: 4.神戸校 | AH60: H04 | AI60: 1Q | AJ60: 1170 | AL60: 50339 | AN60: 神戸東洋日本語学院 | AO60: 28 | AP60: 兵庫 | AQ60: 1 | AR60: Y | AT60: 現役 | AU60: R以外
A61: 2605700836 | B61: 57 | C61: 11_神戸校 | D61: 57 | E61: 4.神戸校 | F61: マーラシンハグー ラキドゥ サンカルパ | G61: ﾏｰﾗｼﾝﾊｸﾞｰ ﾗｷﾄﾞｩ ｻﾝｶﾙﾊﾟ ﾀﾞﾔｰﾗﾄﾅ | H61: 1 | I61: 652-0008 | J61: 兵庫県 | K61: 2026 | L61: 2026 | M61: 45972 | N61: H04 | O61: 1Q | P61: 1170 | Q61: 国際コミュニケーション（スタンダード） | R61: 1 | S61: 15 | T61: 留学生 | U61: 37 | V61: 0 | W61: 0 | Z61: D | AB61: 0 | AC61: 0 | AD61: 0 | AE61: 0_未手続 | AG61: 0_未手続 | AJ61: 0 | AL61: 50808 | AN61: ヒューマンアカデミー日本語学校神戸校 | AO61: 28 | AP61: 兵庫 | AQ61: 1 | AR61: N | AT61: 現役 | AU61: R以外
A62: 2605700837 | B62: 57 | C62: 11_神戸校 | D62: 57 | E62: 4.神戸校 | F62: ウィン トウ | G62: ｳｨﾝ ﾄｳ | H62: 1 | I62: 661-0961 | J62: 兵庫県 | K62: 2026 | L62: 2026 | M62: 45972 | N62: H04 | O62: 1Q | P62: 1170 | Q62: 国際コミュニケーション（スタンダード） | R62: 1 | S62: 15 | T62: 留学生 | U62: 37 | V62: 0 | W62: 0 | Z62: D | AB62: 0 | AC62: 0 | AD62: 0 | AE62: 0_未手続 | AG62: 0_未手続 | AJ62: 0 | AL62: 50449 | AN62: アジアンインターナショナルセンター | AO62: 28 | AP62: 兵庫 | AQ62: 1 | AR62: N | AT62: 現役 | AU62: R以外
A63: 2605700838 | B63: 57 | C63: 11_神戸校 | D63: 57 | E63: 4.神戸校 | F63: ナン ウィン ダンダ エー | G63: ﾅﾝ ｳｨﾝ ﾀﾞﾝﾀﾞ ｴｰ | H63: 2 | I63: 661-0011 | J63: 兵庫県 | K63: 2026 | L63: 2026 | M63: 45972 | N63: H04 | O63: 1Q | P63: 1170 | Q63: 国際コミュニケーション（スタンダード） | R63: 1 | S63: 15 | T63: 留学生 | U63: 37 | V63: 2680074 | W63: 0 | Z63: D | AA63: 45999 | AB63: 26 | AC63: 80074 | AD63: 57 | AE63: 11_神戸校 | AF63: 57 | AG63: 4.神戸校 | AH63: H04 | AI63: 1Q | AJ63: 1170 | AL63: 50449 | AN63: アジアンインターナショナルセンター | AO63: 28 | AP63: 兵庫 | AQ63: 1 | AR63: Y | AT63: 現役 | AU63: R以外
A64: 2605700839 | B64: 57 | C64: 11_神戸校 | D64: 57 | E64: 4.神戸校 | F64: タパ サザナ | G64: ﾀﾊﾟ ｻｻﾞﾅ | H64: 2 | I64: 652-0805 | J64: 兵庫県 | K64: 2026 | L64: 2026 | M64: 45973 | N64: H04 | O64: 1Q | P64: 1170 | Q64: 国際コミュニケーション（スタンダード） | R64: 1 | S64: 15 | T64: 留学生 | U64: 37 | V64: 2680122 | W64: 0 | Z64: D | AA64: 46031 | AB64: 26 | AC64: 80122 | AD64: 57 | AE64: 11_神戸校 | AF64: 57 | AG64: 4.神戸校 | AH64: H04 | AI64: 1Q | AJ64: 1170 | AL64: 50438 | AN64: 国際語学学院 | AO64: 28 | AP64: 兵庫 | AQ64: 1 | AR64: Y | AT64: 現役 | AU64: R以外
A65: 2605700840 | B65: 57 | C65: 11_神戸校 | D65: 57 | E65: 4.神戸校 | F65: アベシンゲ ムディヤンセラゲ シャリカ | G65: ｱﾍﾞｼﾝｹﾞ ﾑﾃﾞｨﾔﾝｾﾗｹﾞ ｼｬﾘｶ ﾙﾜﾝﾃｨ ｽﾛﾁｬﾅ | H65: 2 | I65: 657-0053 | J65: 兵庫県 | K65: 2026 | L65: 2026 | M65: 45973 | N65: H04 | O65: 1Q | P65: 1170 | Q65: 国際コミュニケーション（スタンダード） | R65: 1 | S65: 15 | T65: 留学生 | U65: 37 | V65: 0 | W65: 0 | Z65: D | AB65: 0 | AC65: 0 | AD65: 0 | AE65: 0_未手続 | AG65: 0_未手続 | AJ65: 0 | AL65: 50430 | AN65: 京進ランゲージアカデミー神戸校 | AO65: 28 | AP65: 兵庫 | AQ65: 1 | AR65: N | AT65: 現役 | AU65: R以外
A66: 2605700841 | B66: 57 | C66: 11_神戸校 | D66: 57 | E66: 4.神戸校 | F66: ハンニ トー | G66: ﾊﾝﾆ ﾄｰ | H66: 2 | I66: 652-0033 | J66: 兵庫県 | K66: 2026 | L66: 2026 | M66: 45973 | N66: H04 | O66: 1Q | P66: 1170 | Q66: 国際コミュニケーション（スタンダード） | R66: 1 | S66: 15 | T66: 留学生 | U66: 37 | V66: 2680123 | W66: 0 | Z66: D | AA66: 46031 | AB66: 26 | AC66: 80123 | AD66: 57 | AE66: 11_神戸校 | AF66: 57 | AG66: 4.神戸校 | AH66: H04 | AI66: 1Q | AJ66: 1170 | AL66: 50438 | AN66: 国際語学学院 | AO66: 28 | AP66: 兵庫 | AQ66: 1 | AR66: Y | AT66: 現役 | AU66: R以外
A67: 2605700842 | B67: 57 | C67: 11_神戸校 | D67: 57 | E67: 4.神戸校 | F67: パラジュリ ディーパ | G67: ﾊﾟﾗｼﾞｭﾘ ﾃﾞｨｰﾊﾟ | H67: 2 | I67: 544-0014 | J67: 大阪府 | K67: 2026 | L67: 2026 | M67: 45974 | N67: H04 | O67: 1Q | P67: 1170 | Q67: 国際コミュニケーション（スタンダード） | R67: 1 | S67: 15 | T67: 留学生 | U67: 37 | V67: 0 | W67: 0 | Z67: D | AB67: 0 | AC67: 0 | AD67: 0 | AE67: 0_未手続 | AG67: 0_未手続 | AJ67: 0 | AL67: 50827 | AN67: ひまわり大阪日本語学園 | AO67: 27 | AP67: 大阪 | AQ67: 1 | AR67: N | AT67: 現役 | AU67: R以外
A68: 2605700843 | B68: 57 | C68: 11_神戸校 | D68: 57 | E68: 4.神戸校 | F68: アハメド ジョバエル | G68: ｱﾊﾒﾄﾞ ｼﾞｮﾊﾞｴﾙ | H68: 1 | I68: 535-0003 | J68: 大阪府 | K68: 2026 | L68: 2026 | M68: 45975 | N68: H04 | O68: 1Q | P68: 1170 | Q68: 国際コミュニケーション（スタンダード） | R68: 1 | S68: 15 | T68: 留学生 | U68: 37 | V68: 2680102 | W68: 0 | Z68: D | AA68: 46014 | AB68: 26 | AC68: 80102 | AD68: 57 | AE68: 11_神戸校 | AF68: 57 | AG68: 4.神戸校 | AH68: H04 | AI68: 1Q | AJ68: 1170 | AL68: 50383 | AN68: ワン・パーパス国際学院 | AO68: 27 | AP68: 大阪 | AQ68: 1 | AR68: Y | AT68: 現役 | AU68: R以外
A69: 2605700844 | B69: 57 | C69: 11_神戸校 | D69: 57 | E69: 4.神戸校 | F69: アラウッディン エムディ | G69: ｱﾗｳｯﾃﾞｨﾝ ｴﾑﾃﾞｨ | H69: 1 | I69: 535-0003 | J69: 大阪府 | K69: 2026 | L69: 2026 | M69: 45975 | N69: H04 | O69: 1Q | P69: 1170 | Q69: 国際コミュニケーション（スタンダード） | R69: 1 | S69: 15 | T69: 留学生 | U69: 37 | V69: 2680103 | W69: 0 | Z69: D | AA69: 46014 | AB69: 26 | AC69: 80103 | AD69: 57 | AE69: 11_神戸校 | AF69: 57 | AG69: 4.神戸校 | AH69: H04 | AI69: 1Q | AJ69: 1170 | AL69: 50383 | AN69: ワン・パーパス国際学院 | AO69: 27 | AP69: 大阪 | AQ69: 1 | AR69: Y | AT69: 現役 | AU69: R以外
A70: 2605700845 | B70: 57 | C70: 11_神戸校 | D70: 57 | E70: 4.神戸校 | F70: カナル プジャ | G70: ｶﾅﾙ ﾌﾟｼﾞｬ | H70: 2 | I70: 544-0001 | J70: 大阪府 | K70: 2026 | L70: 2026 | M70: 45975 | N70: H04 | O70: 1Q | P70: 1170 | Q70: 国際コミュニケーション（スタンダード） | R70: 1 | S70: 15 | T70: 留学生 | U70: 37 | V70: 0 | W70: 0 | Z70: D | AB70: 0 | AC70: 0 | AD70: 0 | AE70: 0_未手続 | AG70: 0_未手続 | AJ70: 0 | AL70: 50405 | AN70: 日生日本語学園大阪本校 | AO70: 27 | AP70: 大阪 | AQ70: 1 | AR70: N | AT70: 現役 | AU70: R以外
A71: 2605700846 | B71: 57 | C71: 11_神戸校 | D71: 57 | E71: 4.神戸校 | F71: シャヒ サレンドラ | G71: ｼｬﾋ ｻﾚﾝﾄﾞﾗ | H71: 1 | I71: 544-0003 | J71: 大阪府 | K71: 2026 | L71: 2026 | M71: 45975 | N71: H04 | O71: 1Q | P71: 1170 | Q71: 国際コミュニケーション（スタンダード） | R71: 1 | S71: 15 | T71: 留学生 | U71: 37 | V71: 0 | W71: 0 | Z71: D | AB71: 0 | AC71: 0 | AD71: 0 | AE71: 0_未手続 | AG71: 0_未手続 | AJ71: 0 | AL71: 50405 | AN71: 日生日本語学園大阪本校 | AO71: 27 | AP71: 大阪 | AQ71: 1 | AR71: Y | AT71: 現役 | AU71: R以外
A72: 2605700847 | B72: 57 | C72: 11_神戸校 | D72: 57 | E72: 4.神戸校 | F72: バンダリ プラビン | G72: ﾊﾞﾝﾀﾞﾘ ﾌﾟﾗﾋﾞﾝ | H72: 1 | I72: 544-0002 | J72: 大阪府 | K72: 2026 | L72: 2026 | M72: 45975 | N72: H04 | O72: 1Q | P72: 1170 | Q72: 国際コミュニケーション（スタンダード） | R72: 1 | S72: 15 | T72: 留学生 | U72: 37 | V72: 0 | W72: 0 | Z72: D | AB72: 0 | AC72: 0 | AD72: 0 | AE72: 0_未手続 | AG72: 0_未手続 | AJ72: 0 | AL72: 50405 | AN72: 日生日本語学園大阪本校 | AO72: 27 | AP72: 大阪 | AQ72: 1 | AR72: Y | AT72: 現役 | AU72: R以外
A73: 2605700848 | B73: 57 | C73: 11_神戸校 | D73: 57 | E73: 4.神戸校 | F73: ラナ マガル ディリップ | G73: ﾗﾅ ﾏｶﾞﾙ ﾃﾞｨﾘｯﾌﾟ | H73: 1 | I73: 557-0061 | J73: 大阪府 | K73: 2026 | L73: 2026 | M73: 45975 | N73: H04 | O73: 1Q | P73: 1170 | Q73: 国際コミュニケーション（スタンダード） | R73: 1 | S73: 15 | T73: 留学生 | U73: 37 | V73: 0 | W73: 0 | Z73: D | AB73: 0 | AC73: 0 | AD73: 0 | AE73: 0_未手続 | AG73: 0_未手続 | AJ73: 0 | AL73: 50739 | AN73: 近畿日本語学院 | AO73: 27 | AP73: 大阪 | AQ73: 1 | AR73: N | AT73: 現役 | AU73: R以外
A74: 2605700849 | B74: 57 | C74: 11_神戸校 | D74: 57 | E74: 4.神戸校 | F74: ラナ マノジ | G74: ﾗﾅ ﾏﾉｼﾞ | H74: 1 | I74: 557-0061 | J74: 大阪府 | K74: 2026 | L74: 2026 | M74: 45975 | N74: H04 | O74: 1Q | P74: 1170 | Q74: 国際コミュニケーション（スタンダード） | R74: 1 | S74: 15 | T74: 留学生 | U74: 37 | V74: 0 | W74: 0 | Z74: D | AB74: 0 | AC74: 0 | AD74: 0 | AE74: 0_未手続 | AG74: 0_未手続 | AJ74: 0 | AL74: 50739 | AN74: 近畿日本語学院 | AO74: 27 | AP74: 大阪 | AQ74: 1 | AR74: N | AT74: 現役 | AU74: R以外
A75: 2605700850 | B75: 57 | C75: 11_神戸校 | D75: 57 | E75: 4.神戸校 | F75: ウィックラマシンハ アラチラゲ | G75: ｳｨｯｸﾗﾏｼﾝﾊ ｱﾗﾁﾗｹﾞ ﾗｳﾞｨﾝﾄﾞｩ | H75: 1 | I75: 657-0053 | J75: 兵庫県 | K75: 2026 | L75: 2026 | M75: 45975 | N75: H04 | O75: 1Q | P75: 1170 | Q75: 国際コミュニケーション（スタンダード） | R75: 1 | S75: 15 | T75: 留学生 | U75: 37 | V75: 0 | W75: 0 | Z75: D | AB75: 0 | AC75: 0 | AD75: 0 | AE75: 0_未手続 | AG75: 0_未手続 | AJ75: 0 | AL75: 50438 | AN75: 国際語学学院 | AO75: 28 | AP75: 兵庫 | AQ75: 1 | AR75: N | AT75: 現役 | AU75: R以外
A76: 2605700851 | B76: 57 | C76: 11_神戸校 | D76: 57 | E76: 4.神戸校 | F76: シャモル エムディー チャウモン ハサン | G76: ｼｬﾓﾙ ｴﾑﾃﾞｨｰ ﾁｬｳﾓﾝ ﾊｻﾝ | H76: 1 | I76: 650-0011 | J76: 兵庫県 | K76: 2026 | L76: 2026 | M76: 45975 | N76: H04 | O76: 1Q | P76: 1170 | Q76: 国際コミュニケーション（スタンダード） | R76: 1 | S76: 15 | T76: 留学生 | U76: 37 | V76: 0 | W76: 0 | Z76: D | AB76: 0 | AC76: 0 | AD76: 0 | AE76: 0_未手続 | AG76: 0_未手続 | AJ76: 0 | AL76: 50428 | AN76: 神戸国際大学経済学部国際別科 | AO76: 28 | AP76: 兵庫 | AQ76: 1 | AR76: N | AT76: 現役 | AU76: R以外
A77: 2605700852 | B77: 57 | C77: 11_神戸校 | D77: 57 | E77: 4.神戸校 | F77: タパ チェトリ パルバティ | G77: ﾀﾊﾟ ﾁｪﾄﾘ ﾊﾟﾙﾊﾞﾃｨ | H77: 2 | I77: 870-0036 | J77: 大分県 | K77: 2026 | L77: 2026 | M77: 45977 | N77: H04 | O77: 1Q | P77: 1170 | Q77: 国際コミュニケーション（スタンダード） | R77: 1 | S77: 15 | T77: 留学生 | U77: 37 | V77: 0 | W77: 0 | Z77: D | AB77: 0 | AC77: 0 | AD77: 0 | AE77: 0_未手続 | AG77: 0_未手続 | AJ77: 0 | AL77: 50514 | AN77: 明日香日本語学校 | AO77: 44 | AP77: 大分 | AQ77: 1 | AR77: N | AT77: 現役 | AU77: R以外
A78: 2605700853 | B78: 57 | C78: 11_神戸校 | D78: 57 | E78: 4.神戸校 | F78: チャン ティ タイン タオ | G78: ﾁｬﾝ ﾃｨ ﾀｲﾝ ﾀｵ | H78: 2 | I78: 543-0053 | J78: 大阪府 | K78: 2026 | L78: 2026 | M78: 45977 | N78: H04 | O78: 1Q | P78: 1170 | Q78: 国際コミュニケーション（スタンダード） | R78: 1 | S78: 15 | T78: 留学生 | U78: 37 | V78: 2680104 | W78: 0 | Z78: D | AA78: 46015 | AB78: 26 | AC78: 80104 | AD78: 57 | AE78: 11_神戸校 | AF78: 57 | AG78: 4.神戸校 | AH78: H04 | AI78: 1Q | AJ78: 1170 | AL78: 50398 | AN78: メリック日本語学校 | AO78: 27 | AP78: 大阪 | AQ78: 1 | AR78: Y | AT78: 現役 | AU78: R以外
A79: 2605700854 | B79: 57 | C79: 11_神戸校 | D79: 57 | E79: 4.神戸校 | F79: グルン サビナ | G79: ｸﾞﾙﾝ ｻﾋﾞﾅ | H79: 2 | I79: 657-0834 | J79: 兵庫県 | K79: 2026 | L79: 2026 | M79: 45978 | N79: H04 | O79: 1Q | P79: 1170 | Q79: 国際コミュニケーション（スタンダード） | R79: 1 | S79: 15 | T79: 留学生 | U79: 37 | V79: 2680112 | W79: 0 | Z79: D | AA79: 46028 | AB79: 26 | AC79: 80112 | AD79: 57 | AE79: 11_神戸校 | AF79: 57 | AG79: 4.神戸校 | AH79: H04 | AI79: 1Q | AJ79: 1170 | AL79: 50431 | AN79: 秀明神戸国際学院 | AO79: 28 | AP79: 兵庫 | AQ79: 1 | AR79: Y | AT79: 現役 | AU79: R以外
A80: 2605700855 | B80: 57 | C80: 11_神戸校 | D80: 57 | E80: 4.神戸校 | F80: ビケ スニタ | G80: ﾋﾞｹ ｽﾆﾀ | H80: 2 | I80: 657-0834 | J80: 兵庫県 | K80: 2026 | L80: 2026 | M80: 45978 | N80: H04 | O80: 1Q | P80: 1170 | Q80: 国際コミュニケーション（スタンダード） | R80: 1 | S80: 15 | T80: 留学生 | U80: 37 | V80: 0 | W80: 0 | Z80: D | AB80: 0 | AC80: 0 | AD80: 0 | AE80: 0_未手続 | AG80: 0_未手続 | AJ80: 0 | AL80: 50431 | AN80: 秀明神戸国際学院 | AO80: 28 | AP80: 兵庫 | AQ80: 1 | AR80: N | AT80: 現役 | AU80: R以外
A81: 2605700856 | B81: 57 | C81: 11_神戸校 | D81: 57 | E81: 4.神戸校 | F81: ロカ ニサ | G81: ﾛｶ ﾆｻ | H81: 2 | I81: 657-0834 | J81: 兵庫県 | K81: 2026 | L81: 2026 | M81: 45978 | N81: H04 | O81: 1Q | P81: 1170 | Q81: 国際コミュニケーション（スタンダード） | R81: 1 | S81: 15 | T81: 留学生 | U81: 37 | V81: 2680113 | W81: 0 | Z81: D | AA81: 46028 | AB81: 26 | AC81: 80113 | AD81: 57 | AE81: 11_神戸校 | AF81: 57 | AG81: 4.神戸校 | AH81: H04 | AI81: 1Q | AJ81: 1170 | AL81: 50431 | AN81: 秀明神戸国際学院 | AO81: 28 | AP81: 兵庫 | AQ81: 1 | AR81: Y | AT81: 現役 | AU81: R以外
A82: 2605700857 | B82: 57 | C82: 11_神戸校 | D82: 57 | E82: 4.神戸校 | F82: ヌェイ ヌェイ ライン | G82: ﾇｪｲ ﾇｪｲ ﾗｲﾝ | H82: 2 | I82: 651-0087 | J82: 兵庫県 | K82: 2026 | L82: 2026 | M82: 45978 | N82: H04 | O82: 1Q | P82: 1170 | Q82: 国際コミュニケーション（スタンダード） | R82: 1 | S82: 15 | T82: 留学生 | U82: 37 | V82: 0 | W82: 0 | Z82: D | AB82: 0 | AC82: 0 | AD82: 0 | AE82: 0_未手続 | AG82: 0_未手続 | AJ82: 0 | AL82: 50438 | AN82: 国際語学学院 | AO82: 28 | AP82: 兵庫 | AQ82: 1 | AR82: N | AT82: 現役 | AU82: R以外
A83: 2605700858 | B83: 57 | C83: 11_神戸校 | D83: 57 | E83: 4.神戸校 | F83: ラミチェネ サミタブ | G83: ﾗﾐﾁｪﾈ ｻﾐﾀﾌﾞ | H83: 1 | I83: 556-0024 | J83: 大阪府 | K83: 2026 | L83: 2026 | M83: 45979 | N83: H04 | O83: 1Q | P83: 1170 | Q83: 国際コミュニケーション（スタンダード） | R83: 1 | S83: 15 | T83: 留学生 | U83: 37 | V83: 0 | W83: 0 | Z83: D | AB83: 0 | AC83: 0 | AD83: 0 | AE83: 0_未手続 | AG83: 0_未手続 | AJ83: 0 | AL83: 50419 | AN83: ヒューマンアカデミー日本語学校大阪校 | AO83: 27 | AP83: 大阪 | AQ83: 1 | AR83: N | AT83: 現役 | AU83: R以外
A84: 2605700859 | B84: 57 | C84: 11_神戸校 | D84: 57 | E84: 4.神戸校 | F84: ラタナヤカ ムディヤンセラーゲ ネルム | G84: ﾗﾀﾅﾔｶ ﾑﾃﾞｨﾔﾝｾﾗｰｹﾞ ﾈﾙﾑ ｽｼﾞｬﾆ ﾗﾀﾅﾔｶ | H84: 2 | I84: 550-0025 | J84: 大阪府 | K84: 2026 | L84: 2026 | M84: 45979 | N84: H04 | O84: 1Q | P84: 1170 | Q84: 国際コミュニケーション（スタンダード） | R84: 1 | S84: 15 | T84: 留学生 | U84: 37 | V84: 2680115 | W84: 0 | Z84: D | AA84: 46030 | AB84: 26 | AC84: 80115 | AD84: 57 | AE84: 11_神戸校 | AF84: 57 | AG84: 4.神戸校 | AH84: H04 | AI84: 1Q | AJ84: 1170 | AL84: 50419 | AN84: ヒューマンアカデミー日本語学校大阪校 | AO84: 27 | AP84: 大阪 | AQ84: 1 | AR84: Y | AT84: 現役 | AU84: R以外
A85: 2605700860 | B85: 57 | C85: 11_神戸校 | D85: 57 | E85: 4.神戸校 | F85: ダンガハデニヤ ウェダゲ シェハン | G85: ﾀﾞﾝｶﾞﾊﾃﾞﾆﾔ ｳｪﾀﾞｹﾞ ｼｪﾊﾝ ﾏﾄﾞｩｻﾝｶ | H85: 1 | I85: 550-0025 | J85: 大阪府 | K85: 2026 | L85: 2026 | M85: 45979 | N85: H04 | O85: 1Q | P85: 1170 | Q85: 国際コミュニケーション（スタンダード） | R85: 1 | S85: 15 | T85: 留学生 | U85: 37 | V85: 2680116 | W85: 0 | Z85: D | AA85: 46030 | AB85: 26 | AC85: 80116 | AD85: 57 | AE85: 11_神戸校 | AF85: 57 | AG85: 4.神戸校 | AH85: H04 | AI85: 1Q | AJ85: 1170 | AL85: 50419 | AN85: ヒューマンアカデミー日本語学校大阪校 | AO85: 27 | AP85: 大阪 | AQ85: 1 | AR85: Y | AT85: 現役 | AU85: R以外
A86: 2605700861 | B86: 57 | C86: 11_神戸校 | D86: 57 | E86: 4.神戸校 | F86: スンダラ ムディヤンセラゲ メワン | G86: ｽﾝﾃﾞﾗ ﾑﾃﾞｨﾔﾝｾﾗｹﾞ ﾒﾜﾝ ﾃｰﾐﾔ ﾊﾞﾝﾀﾞﾗ | H86: 1 | I86: 544-0001 | J86: 大阪府 | K86: 2026 | L86: 2026 | M86: 45979 | N86: H04 | O86: 1Q | P86: 1170 | Q86: 国際コミュニケーション（スタンダード） | R86: 1 | S86: 15 | T86: 留学生 | U86: 37 | V86: 0 | W86: 0 | Z86: D | AB86: 0 | AC86: 0 | AD86: 0 | AE86: 0_未手続 | AG86: 0_未手続 | AJ86: 0 | AL86: 50419 | AN86: ヒューマンアカデミー日本語学校大阪校 | AO86: 27 | AP86: 大阪 | AQ86: 1 | AR86: Y | AT86: 現役 | AU86: R以外
A87: 2605700862 | B87: 57 | C87: 11_神戸校 | D87: 57 | E87: 4.神戸校 | F87: カンワル モニカ クマリ | G87: ｶﾝﾜﾙ ﾓﾆｶ ｸﾏﾘ | H87: 2 | I87: 556-0023 | J87: 大阪府 | K87: 2026 | L87: 2026 | M87: 45979 | N87: H04 | O87: 1Q | P87: 1170 | Q87: 国際コミュニケーション（スタンダード） | R87: 1 | S87: 15 | T87: 留学生 | U87: 37 | V87: 0 | W87: 0 | Z87: D | AB87: 0 | AC87: 0 | AD87: 0 | AE87: 0_未手続 | AG87: 0_未手続 | AJ87: 0 | AL87: 50523 | AN87: ＡＫＫ文化学院 | AO87: 27 | AP87: 大阪 | AQ87: 1 | AR87: N | AT87: 現役 | AU87: R以外
A88: 2605700863 | B88: 57 | C88: 11_神戸校 | D88: 57 | E88: 4.神戸校 | F88: ブジェル スマン | G88: ﾌﾞｼﾞｪﾙ ｽﾏﾝ | H88: 1 | I88: 544-0014 | J88: 大阪府 | K88: 2026 | L88: 2026 | M88: 45979 | N88: H04 | O88: 1Q | P88: 1170 | Q88: 国際コミュニケーション（スタンダード） | R88: 1 | S88: 15 | T88: 留学生 | U88: 37 | V88: 0 | W88: 0 | Z88: D | AB88: 0 | AC88: 0 | AD88: 0 | AE88: 0_未手続 | AG88: 0_未手続 | AJ88: 0 | AL88: 50405 | AN88: 日生日本語学園大阪本校 | AO88: 27 | AP88: 大阪 | AQ88: 1 | AR88: N | AT88: 現役 | AU88: R以外
A89: 2605700864 | B89: 57 | C89: 11_神戸校 | D89: 57 | E89: 4.神戸校 | F89: リア サミヤ アクター | G89: ﾘｱ ｻﾐﾔ ｱｸﾀｰ | H89: 2 | I89: 653-0036 | J89: 兵庫県 | K89: 2026 | L89: 2026 | M89: 45979 | N89: H04 | O89: 1Q | P89: 1170 | Q89: 国際コミュニケーション（スタンダード） | R89: 1 | S89: 15 | T89: 留学生 | U89: 37 | V89: 0 | W89: 0 | Z89: D | AB89: 0 | AC89: 0 | AD89: 0 | AE89: 0_未手続 | AG89: 0_未手続 | AJ89: 0 | AL89: 0 | AO89: 0 | AQ89: 1 | AR89: N | AT89: 現役 | AU89: R以外
A90: 2605700865 | B90: 57 | C90: 11_神戸校 | D90: 57 | E90: 4.神戸校 | F90: チャン ミン クアン | G90: ﾁｬﾝ ﾐﾝ ｸｱﾝ | H90: 1 | I90: 652-0041 | J90: 兵庫県 | K90: 2026 | L90: 2026 | M90: 45979 | N90: H04 | O90: 1Q | P90: 1170 | Q90: 国際コミュニケーション（スタンダード） | R90: 1 | S90: 15 | T90: 留学生 | U90: 37 | V90: 0 | W90: 0 | Z90: D | AB90: 0 | AC90: 0 | AD90: 0 | AE90: 0_未手続 | AG90: 0_未手続 | AJ90: 0 | AL90: 50438 | AN90: 国際語学学院 | AO90: 28 | AP90: 兵庫 | AQ90: 1 | AR90: N | AT90: 現役 | AU90: R以外
A91: 2605700866 | B91: 57 | C91: 11_神戸校 | D91: 57 | E91: 4.神戸校 | F91: ケシ アシス | G91: ｹｼ ｱｼｽ | H91: 1 | I91: 651-0087 | J91: 兵庫県 | K91: 2026 | L91: 2026 | M91: 45979 | N91: H04 | O91: 1Q | P91: 1170 | Q91: 国際コミュニケーション（スタンダード） | R91: 1 | S91: 15 | T91: 留学生 | U91: 37 | V91: 2680097 | W91: 0 | Z91: D | AA91: 46013 | AB91: 26 | AC91: 80097 | AD91: 57 | AE91: 11_神戸校 | AF91: 57 | AG91: 4.神戸校 | AH91: H04 | AI91: 1Q | AJ91: 1170 | AL91: 50443 | AN91: 神戸電子専門学校日本語学科 | AO91: 28 | AP91: 兵庫 | AQ91: 1 | AR91: Y | AT91: 現役 | AU91: R以外
A92: 2605700867 | B92: 57 | C92: 11_神戸校 | D92: 57 | E92: 4.神戸校 | F92: カレル アミット | G92: ｶﾚﾙ ｱﾐｯﾄ | H92: 1 | I92: 557-0061 | J92: 大阪府 | K92: 2026 | L92: 2026 | M92: 45979 | N92: H04 | O92: 1Q | P92: 1170 | Q92: 国際コミュニケーション（スタンダード） | R92: 1 | S92: 15 | T92: 留学生 | U92: 37 | V92: 0 | W92: 0 | Z92: D | AB92: 0 | AC92: 0 | AD92: 0 | AE92: 0_未手続 | AG92: 0_未手続 | AJ92: 0 | AL92: 50739 | AN92: 近畿日本語学院 | AO92: 27 | AP92: 大阪 | AQ92: 1 | AR92: N | AT92: 現役 | AU92: R以外
A93: 2605700869 | B93: 57 | C93: 11_神戸校 | D93: 57 | E93: 4.神戸校 | F93: サプコタ サビタ | G93: ｻﾌﾟｺﾀ ｻﾋﾞﾀ | H93: 2 | I93: 557-0031 | J93: 大阪府 | K93: 2026 | L93: 2026 | M93: 45980 | N93: H04 | O93: 1Q | P93: 1170 | Q93: 国際コミュニケーション（スタンダード） | R93: 1 | S93: 15 | T93: 留学生 | U93: 37 | V93: 0 | W93: 0 | Z93: D | AB93: 0 | AC93: 0 | AD93: 0 | AE93: 0_未手続 | AG93: 0_未手続 | AJ93: 0 | AL93: 50523 | AN93: ＡＫＫ文化学院 | AO93: 27 | AP93: 大阪 | AQ93: 1 | AR93: N | AT93: 現役 | AU93: R以外
A94: 2605700870 | B94: 57 | C94: 11_神戸校 | D94: 57 | E94: 4.神戸校 | F94: シュレスタ ビマル | G94: ｼｭﾚｽﾀ ﾋﾞﾏﾙ | H94: 1 | I94: 557-0034 | J94: 大阪府 | K94: 2026 | L94: 2026 | M94: 45980 | N94: H04 | O94: 1Q | P94: 1170 | Q94: 国際コミュニケーション（スタンダード） | R94: 1 | S94: 15 | T94: 留学生 | U94: 37 | V94: 0 | W94: 0 | Z94: D | AB94: 0 | AC94: 0 | AD94: 0 | AE94: 0_未手続 | AG94: 0_未手続 | AJ94: 0 | AL94: 50523 | AN94: ＡＫＫ文化学院 | AO94: 27 | AP94: 大阪 | AQ94: 1 | AR94: N | AT94: 現役 | AU94: R以外
A95: 2605700871 | B95: 57 | C95: 11_神戸校 | D95: 57 | E95: 4.神戸校 | F95: メイ ミャッ トゥ | G95: ﾒｲ ﾐｬｯ ﾄｩ | H95: 2 | I95: 544-0002 | J95: 大阪府 | K95: 2026 | L95: 2026 | M95: 45980 | N95: H04 | O95: 1Q | P95: 1170 | Q95: 国際コミュニケーション（スタンダード） | R95: 1 | S95: 15 | T95: 留学生 | U95: 37 | V95: 0 | W95: 0 | Z95: D | AB95: 0 | AC95: 0 | AD95: 0 | AE95: 0_未手続 | AG95: 0_未手続 | AJ95: 0 | AL95: 50405 | AN95: 日生日本語学園大阪本校 | AO95: 27 | AP95: 大阪 | AQ95: 1 | AR95: Y | AT95: 現役 | AU95: R以外
A96: 2605700872 | B96: 57 | C96: 11_神戸校 | D96: 57 | E96: 4.神戸校 | F96: シャミム エムディ― | G96: ｼｬﾐﾑ ｴﾑﾃﾞｨｰ | H96: 1 | I96: 664-0858 | J96: 兵庫県 | K96: 2026 | L96: 2026 | M96: 45980 | N96: H04 | O96: 1Q | P96: 1170 | Q96: 国際コミュニケーション（スタンダード） | R96: 1 | S96: 15 | T96: 留学生 | U96: 37 | V96: 2680142 | W96: 0 | Z96: D | AA96: 46065 | AB96: 26 | AC96: 80142 | AD96: 57 | AE96: 11_神戸校 | AF96: 57 | AG96: 4.神戸校 | AH96: H04 | AI96: 1Q | AJ96: 1170 | AL96: 50726 | AN96: 大阪観光大学日本語別科伊丹サテライト校 | AO96: 28 | AP96: 兵庫 | AQ96: 1 | AR96: Y | AT96: 現役 | AU96: R以外
A97: 2605700873 | B97: 57 | C97: 11_神戸校 | D97: 57 | E97: 4.神戸校 | F97: タレク エムディ | G97: ﾀﾚｸ ｴﾑﾃﾞｨ | H97: 1 | I97: 650-0011 | J97: 兵庫県 | K97: 2026 | L97: 2026 | M97: 45980 | N97: H04 | O97: 1Q | P97: 1170 | Q97: 国際コミュニケーション（スタンダード） | R97: 1 | S97: 15 | T97: 留学生 | U97: 37 | V97: 2680119 | W97: 0 | Z97: D | AA97: 46030 | AB97: 26 | AC97: 80119 | AD97: 57 | AE97: 11_神戸校 | AF97: 57 | AG97: 4.神戸校 | AH97: H04 | AI97: 1Q | AJ97: 1170 | AL97: 50339 | AN97: 神戸東洋日本語学院 | AO97: 28 | AP97: 兵庫 | AQ97: 1 | AR97: Y | AT97: 現役 | AU97: R以外
A98: 2605700874 | B98: 57 | C98: 11_神戸校 | D98: 57 | E98: 4.神戸校 | F98: ニェイン チャン アウン | G98: ﾆｪｲﾝ ﾁｬﾝ ｱｳﾝ | H98: 1 | I98: 652-0805 | J98: 兵庫県 | K98: 2026 | L98: 2026 | M98: 45981 | N98: H04 | O98: 1Q | P98: 1170 | Q98: 国際コミュニケーション（スタンダード） | R98: 1 | S98: 15 | T98: 留学生 | U98: 37 | V98: 0 | W98: 0 | Z98: D | AB98: 0 | AC98: 0 | AD98: 0 | AE98: 0_未手続 | AG98: 0_未手続 | AJ98: 0 | AL98: 50438 | AN98: 国際語学学院 | AO98: 28 | AP98: 兵庫 | AQ98: 1 | AR98: N | AT98: 現役 | AU98: R以外
A99: 2605700875 | B99: 57 | C99: 11_神戸校 | D99: 57 | E99: 4.神戸校 | F99: ラナ エムディ ユスフ | G99: ﾗﾅ ｴﾑﾃﾞｨ ﾕｽﾌ | H99: 1 | I99: 557-0025 | J99: 大阪府 | K99: 2026 | L99: 2026 | M99: 45981 | N99: H04 | O99: 1Q | P99: 1170 | Q99: 国際コミュニケーション（スタンダード） | R99: 1 | S99: 15 | T99: 留学生 | U99: 37 | V99: 0 | W99: 0 | Z99: D | AB99: 0 | AC99: 0 | AD99: 0 | AE99: 0_未手続 | AG99: 0_未手続 | AJ99: 0 | AL99: 50410 | AN99: 大阪観光ビジネス日本語学院 | AO99: 27 | AP99: 大阪 | AQ99: 1 | AR99: N | AT99: 現役 | AU99: R以外
A100: 2605700876 | B100: 57 | C100: 11_神戸校 | D100: 57 | E100: 4.神戸校 | F100: 謝 宗翰 | G100: ｼｬ ｼｭｳｶﾝ | H100: 1 | I100: 557-0021 | J100: 大阪府 | K100: 2026 | L100: 2026 | M100: 45987 | N100: H04 | O100: 57 | P100: 1044 | Q100: 事務・経理職専攻コース | R100: 2 | S100: 3 | T100: ビジネス系 | U100: 4 | V100: 2680118 | W100: 0 | Z100: D | AA100: 46030 | AB100: 26 | AC100: 80118 | AD100: 57 | AE100: 11_神戸校 | AF100: 57 | AG100: 4.神戸校 | AH100: H04 | AI100: 57 | AJ100: 1044 | AL100: 50338 | AN100: ＥＣＣ国際外語専門学校日本語学科 | AO100: 27 | AP100: 大阪 | AQ100: 1 | AR100: Y | AT100: 現役 | AU100: R以外
...

Sheet 2027年度出願
A1: kanrino | B1: obscd | C1: obsname | D1: obscd2 | E1: obsname2 | F1: name | G1: namekana | H1: sex | I1: yubin | J1: adres1 | K1: kousdt | L1: nendo | M1: juridt | N1: sktikbn | O1: skatei | P1: scourse | Q1: コース名 | R1: syugyonen | S1: コース系列コード | T1: コース系列名 | U1: 並び順 | V1: kihonno | W1: utiwake | X1: utiwakename | Y1: jitaidt | Z1: suisencd | AA1: kanryodt | AB1: nnendo | AC1: gakuno | AD1: nobscd | AE1: nobsname | AF1: nobscd2 | AG1: nobsname2 | AH1: nktikbn | AI1: nkatei | AJ1: ncourse | AK1: heiganflg | AL1: koucd | AM1: keiei | AN1: kouname | AO1: kencode | AP1: kenname | AQ1: 留学生 | AR1: 書類合否 | AS1: 選考合否 | AT1: kousdt2 | AU1: suisencd2
A2: 2713150128 | B2: 57 | C2: 11_神戸校 | D2: 57 | E2: 4.神戸校 | F2: 小西 統 | G2: ｺﾆｼ ﾚｲﾝ | H2: 1 | I2: 655-0003 | J2: 兵庫県 | K2: 0 | L2: 2027 | M2: 46302 | N2: H04 | O2: 0ｽ | P2: 502 | Q2: スポーツトレーナーコース | R2: 2 | S2: 5 | T2: スポーツ系 | U2: 15 | V2: 0 | W2: 0 | Z2: O | AB2: 0 | AC2: 0 | AD2: 0 | AE2: 0_未手続 | AG2: 0_未手続 | AJ2: 0 | AL2: 28124 | AM2: 市立 | AN2: 明石商業 | AO2: 28 | AP2: 兵庫 | AQ2: 0 | AR2: Y | AT2: 現役以外 | AU2: R以外
A3: 2705700002 | B3: 57 | C3: 11_神戸校 | D3: 57 | E3: 4.神戸校 | F3: 鈴木 好乃 | G3: ｽｽﾞｷ ﾖｼﾉ | H3: 2 | I3: 182-0024 | J3: 東京都 | K3: 0 | L3: 2027 | M3: 46304 | N3: H04 | O3: 6 | P3: 488 | Q3: 公認会計士スタンダードコース | R3: 2 | S3: 1 | T3: 税理士会計士系 | U3: 3 | V3: 0 | W3: 0 | Z3: P | AB3: 0 | AC3: 0 | AD3: 0 | AE3: 0_未手続 | AG3: 0_未手続 | AJ3: 0 | AL3: 19010 | AM3: 私立 | AN3: 甲斐清和 | AO3: 19 | AP3: 山梨 | AQ3: 0 | AR3: Y | AT3: 現役以外 | AU3: R以外
A4: 2705700004 | B4: 57 | C4: 11_神戸校 | D4: 57 | E4: 4.神戸校 | F4: 松山 実結 | G4: ﾏﾂﾔﾏ ﾐﾕ | H4: 2 | I4: 891-9301 | J4: 鹿児島県 | K4: 2027 | L4: 2027 | M4: 46310 | N4: H04 | O4: 7 | P4: 266 | Q4: 税理士スタンダードコース | R4: 2 | S4: 1 | T4: 税理士会計士系 | U4: 3 | V4: 0 | W4: 0 | AB4: 0 | AC4: 0 | AD4: 0 | AE4: 0_未手続 | AG4: 0_未手続 | AJ4: 0 | AL4: 23253 | AM4: 私立 | AN4: ルネサンス豊田 | AO4: 23 | AP4: 愛知 | AQ4: 0 | AR4: Y | AT4: 現役 | AU4: R以外
A5: 2705700005 | B5: 57 | C5: 11_神戸校 | D5: 57 | E5: 4.神戸校 | F5: 横山 彪桜 | G5: ﾖｺﾔﾏ ﾋｵｳ | H5: 1 | I5: 655-0016 | J5: 兵庫県 | K5: 2027 | L5: 2027 | M5: 46316 | N5: H04 | O5: 58 | P5: 260 | Q5: 公務員＆民間就職コース | R5: 2 | S5: 2 | T5: 公務員 | U5: 1 | V5: 0 | W5: 0 | Z5: P | AB5: 0 | AC5: 0 | AD5: 0 | AE5: 0_未手続 | AG5: 0_未手続 | AJ5: 0 | AL5: 28030 | AM5: 県立 | AN5: 神戸商業 | AO5: 28 | AP5: 兵庫 | AQ5: 0 | AR5: Y | AT5: 現役 | AU5: R以外
A6: 2705700006 | B6: 57 | C6: 11_神戸校 | D6: 57 | E6: 4.神戸校 | F6: 荻野 塁 | G6: ｵｷﾞﾉ ﾙｲ | H6: 1 | I6: 669-3163 | J6: 兵庫県 | K6: 2027 | L6: 2027 | M6: 46319 | N6: H04 | O6: 2ｱ | P6: 428 | Q6: 消防官コース | R6: 1 | S6: 2 | T6: 公務員 | U6: 1 | V6: 0 | W6: 0 | Z6: G | AB6: 0 | AC6: 0 | AD6: 0 | AE6: 0_未手続 | AG6: 0_未手続 | AJ6: 0 | AL6: 28141 | AM6: 県立 | AN6: 西脇工業 | AO6: 28 | AP6: 兵庫 | AQ6: 0 | AT6: 現役 | AU6: R以外
A7: 2705700007 | B7: 57 | C7: 11_神戸校 | D7: 57 | E7: 4.神戸校 | F7: 前山 大輝 | G7: ﾏｴﾔﾏ ﾀﾞｲｷ | H7: 1 | I7: 673-0033 | J7: 兵庫県 | K7: 2027 | L7: 2027 | M7: 46319 | N7: H04 | O7: 0ｽ | P7: 502 | Q7: スポーツトレーナーコース | R7: 2 | S7: 5 | T7: スポーツ系 | U7: 15 | V7: 0 | W7: 0 | Z7: G | AB7: 0 | AC7: 0 | AD7: 0 | AE7: 0_未手続 | AG7: 0_未手続 | AJ7: 0 | AL7: 28152 | AM7: 県立 | AN7: 淡路 | AO7: 28 | AP7: 兵庫 | AQ7: 0 | AT7: 現役 | AU7: R以外
A8: 2705700802 | B8: 57 | C8: 11_神戸校 | D8: 57 | E8: 4.神戸校 | F8: 商 磊 | G8: ｼｮｳ ﾗｲ | H8: 1 | I8: 662-0922 | J8: 兵庫県 | K8: 2027 | L8: 2027 | M8: 46274 | N8: H04 | O8: 57 | P8: 1044 | Q8: 事務・経理職専攻コース | R8: 2 | S8: 3 | T8: ビジネス系 | U8: 4 | V8: 2780019 | W8: 0 | Z8: D | AA8: 46310 | AB8: 27 | AC8: 80019 | AD8: 57 | AE8: 11_神戸校 | AF8: 57 | AG8: 4.神戸校 | AH8: H04 | AI8: 1Q | AJ8: 1170 | AL8: 50450 | AN8: 神戸国際語言学院 | AO8: 28 | AP8: 兵庫 | AQ8: 1 | AR8: Y | AT8: 現役 | AU8: R以外
A9: 2705700804 | B9: 57 | C9: 11_神戸校 | D9: 57 | E9: 4.神戸校 | F9: ＷＡＩ ＺＩＮ ＯＯ | G9: ﾜｪｲ ｼﾞﾝ ｳｰ | H9: 2 | I9: 510-0092 | J9: 三重県 | K9: 2027 | L9: 2027 | M9: 46289 | N9: H04 | O9: 57 | P9: 1756 | Q9: マーケティングビジネス専攻 | R9: 2 | S9: 3 | T9: ビジネス系 | U9: 4 | V9: 0 | W9: 0 | Z9: D | AB9: 0 | AC9: 0 | AD9: 0 | AE9: 0_未手続 | AG9: 0_未手続 | AJ9: 0 | AL9: 0 | AO9: 0 | AQ9: 1 | AR9: N | AT9: 現役 | AU9: R以外
A10: 2705700817 | B10: 57 | C10: 11_神戸校 | D10: 57 | E10: 4.神戸校 | F10: SWE ZIN NYEIN AYE | G10: ｼｭｴ ｼﾞﾝ ﾆｪｲﾝ ｴｲ | H10: 2 | I10: 652-0837 | J10: 兵庫県 | K10: 2027 | L10: 2027 | M10: 46311 | N10: H04 | O10: 57 | P10: 1756 | Q10: マーケティングビジネス専攻 | R10: 2 | S10: 3 | T10: ビジネス系 | U10: 4 | V10: 0 | W10: 0 | Z10: D | AB10: 0 | AC10: 0 | AD10: 0 | AE10: 0_未手続 | AG10: 0_未手続 | AJ10: 0 | AL10: 50339 | AN10: 神戸東洋日本語学院 | AO10: 28 | AP10: 兵庫 | AQ10: 1 | AT10: 現役 | AU10: R以外
A11: 2705700818 | B11: 57 | C11: 11_神戸校 | D11: 57 | E11: 4.神戸校 | F11: NGO THI XUAN THU | G11: ｺﾞ ﾃｨ ｽｱﾝ ﾄｳ | H11: 2 | I11: 658-0083 | J11: 兵庫県 | K11: 0 | L11: 2027 | M11: 46315 | N11: H04 | O11: 57 | P11: 1044 | Q11: 事務・経理職専攻コース | R11: 2 | S11: 3 | T11: ビジネス系 | U11: 4 | V11: 0 | W11: 0 | Z11: D | AB11: 0 | AC11: 0 | AD11: 0 | AE11: 0_未手続 | AG11: 0_未手続 | AJ11: 0 | AL11: 50429 | AN11: 神戸住吉国際日本語学校 | AO11: 28 | AP11: 兵庫 | AQ11: 4 | AT11: 現役以外 | AU11: R以外
A12: 2705750001 | B12: 57 | C12: 11_神戸校 | D12: 57 | E12: 4.神戸校 | F12: 佐々木 さくら | G12: ｻｻｷ ｻｸﾗ | H12: 2 | I12: 675-1309 | J12: 兵庫県 | K12: 2027 | L12: 2027 | M12: 46270 | N12: H04 | O12: 58 | P12: 856 | Q12: 国家公務員初級レベルコース | R12: 2 | S12: 2 | T12: 公務員 | U12: 1 | V12: 2780004 | W12: 0 | Z12: O | AA12: 46307 | AB12: 27 | AC12: 80004 | AD12: 57 | AE12: 11_神戸校 | AF12: 57 | AG12: 4.神戸校 | AH12: H04 | AI12: 58 | AJ12: 856 | AL12: 28197 | AM12: 私立 | AN12: 神戸弘陵学園 | AO12: 28 | AP12: 兵庫 | AQ12: 0 | AR12: Y | AT12: 現役 | AU12: R以外
A13: 2705750002 | B13: 57 | C13: 11_神戸校 | D13: 57 | E13: 4.神戸校 | F13: 野村 奈未 | G13: ﾉﾑﾗ ﾅﾐ | H13: 2 | I13: 670-0061 | J13: 兵庫県 | K13: 2027 | L13: 2027 | M13: 46273 | N13: H04 | O13: 7 | P13: 266 | Q13: 税理士スタンダードコース | R13: 2 | S13: 1 | T13: 税理士会計士系 | U13: 3 | V13: 0 | W13: 0 | Z13: O | AB13: 0 | AC13: 0 | AD13: 0 | AE13: 0_未手続 | AG13: 0_未手続 | AJ13: 0 | AL13: 28247 | AM13: 県立 | AN13: 龍野北 | AO13: 28 | AP13: 兵庫 | AQ13: 0 | AR13: Y | AT13: 現役 | AU13: R以外
A14: 2705750003 | B14: 57 | C14: 11_神戸校 | D14: 57 | E14: 4.神戸校 | F14: 白山 由和 | G14: ｼﾗﾔﾏ ﾕｳﾜ | H14: 1 | I14: 655-0006 | J14: 兵庫県 | K14: 2027 | L14: 2027 | M14: 46266 | N14: H04 | O14: 0ｽ | P14: 502 | Q14: スポーツトレーナーコース | R14: 2 | S14: 5 | T14: スポーツ系 | U14: 15 | V14: 2780033 | W14: 0 | Z14: O | AA14: 46316 | AB14: 27 | AC14: 80033 | AD14: 57 | AE14: 11_神戸校 | AF14: 57 | AG14: 4.神戸校 | AH14: H04 | AI14: 0ｽ | AJ14: 502 | AL14: 28024 | AM14: 私立 | AN14: 神港学園 | AO14: 28 | AP14: 兵庫 | AQ14: 0 | AR14: Y | AT14: 現役 | AU14: R以外
A15: 2705750004 | B15: 57 | C15: 11_神戸校 | D15: 57 | E15: 4.神戸校 | F15: 田中 梨玖斗 | G15: ﾀﾅｶ ﾘｸﾄ | H15: 1 | I15: 679-2204 | J15: 兵庫県 | K15: 2027 | L15: 2027 | M15: 46266 | N15: H04 | O15: 58 | P15: 968 | Q15: 市役所・町役場等初級レベル | R15: 2 | S15: 2 | T15: 公務員 | U15: 1 | V15: 0 | W15: 0 | Z15: O | AB15: 0 | AC15: 0 | AD15: 0 | AE15: 0_未手続 | AG15: 0_未手続 | AJ15: 0 | AL15: 28223 | AM15: 私立 | AN15: クラーク記念国際芦屋キャンパス | AO15: 28 | AP15: 兵庫 | AQ15: 0 | AR15: Y | AT15: 現役 | AU15: R以外
A16: 2705750005 | B16: 57 | C16: 11_神戸校 | D16: 57 | E16: 4.神戸校 | F16: 藤原 朱雀 | G16: ﾌｼﾞﾜﾗ ｽｻﾞｸ | H16: 1 | I16: 676-0082 | J16: 兵庫県 | K16: 2027 | L16: 2027 | M16: 46321 | N16: H04 | O16: 58 | P16: 428 | Q16: 消防官コース | R16: 2 | S16: 2 | T16: 公務員 | U16: 1 | V16: 0 | W16: 0 | Z16: O | AB16: 0 | AC16: 0 | AD16: 0 | AE16: 0_未手続 | AG16: 0_未手続 | AJ16: 0 | AL16: 28103 | AM16: 県立 | AN16: 高砂 | AO16: 28 | AP16: 兵庫 | AQ16: 0 | AT16: 現役 | AU16: R以外
A17: 2705750006 | B17: 57 | C17: 11_神戸校 | D17: 57 | E17: 4.神戸校 | F17: 近藤 拓友 | G17: ｺﾝﾄﾞｳ ﾀｸﾄ | H17: 1 | I17: 654-0103 | J17: 兵庫県 | K17: 2027 | L17: 2027 | M17: 46291 | N17: H04 | O17: 0ｽ | P17: 628 | Q17: フィットネストレーナーコース | R17: 2 | S17: 5 | T17: スポーツ系 | U17: 15 | V17: 0 | W17: 0 | Z17: O | AB17: 0 | AC17: 0 | AD17: 0 | AE17: 0_未手続 | AG17: 0_未手続 | AJ17: 0 | AL17: 28197 | AM17: 私立 | AN17: 神戸弘陵学園 | AO17: 28 | AP17: 兵庫 | AQ17: 0 | AR17: Y | AT17: 現役 | AU17: R以外
A18: 2705750007 | B18: 57 | C18: 11_神戸校 | D18: 57 | E18: 4.神戸校 | F18: 吉元 航汰 | G18: ﾖｼﾓﾄ ｺｳﾀ | H18: 1 | I18: 651-2117 | J18: 兵庫県 | K18: 2027 | L18: 2027 | M18: 46271 | N18: H04 | O18: 58 | P18: 428 | Q18: 消防官コース | R18: 2 | S18: 2 | T18: 公務員 | U18: 1 | V18: 0 | W18: 0 | Z18: O | AB18: 0 | AC18: 0 | AD18: 0 | AE18: 0_未手続 | AG18: 0_未手続 | AJ18: 0 | AL18: 28032 | AM18: 私立 | AN18: 神戸星城 | AO18: 28 | AP18: 兵庫 | AQ18: 0 | AR18: Y | AT18: 現役 | AU18: R以外
A19: 2705750008 | B19: 57 | C19: 11_神戸校 | D19: 57 | E19: 4.神戸校 | F19: 小嶋 凛 | G19: ｺｼﾞﾏ ﾘﾝ | H19: 2 | I19: 671-1204 | J19: 兵庫県 | K19: 2027 | L19: 2027 | M19: 46279 | N19: H04 | O19: 0ｼ | P19: 121 | Q19: 医療事務コース | R19: 2 | S19: 8 | T19: 医療事務系 | U19: 6 | V19: 0 | W19: 0 | Z19: O | AB19: 0 | AC19: 0 | AD19: 0 | AE19: 0_未手続 | AG19: 0_未手続 | AJ19: 0 | AL19: 28098 | AM19: 県立 | AN19: 姫路商業 | AO19: 28 | AP19: 兵庫 | AQ19: 0 | AR19: Y | AT19: 現役 | AU19: R以外
A20: 2705750009 | B20: 57 | C20: 11_神戸校 | D20: 57 | E20: 4.神戸校 | F20: 加田 晄 | G20: ｶﾀﾞ ｱｷﾗ | H20: 1 | I20: 663-8153 | J20: 兵庫県 | K20: 0 | L20: 2027 | M20: 46299 | N20: H04 | O20: 6 | P20: 488 | Q20: 公認会計士スタンダードコース | R20: 2 | S20: 1 | T20: 税理士会計士系 | U20: 3 | V20: 2780037 | W20: 0 | Z20: O | AA20: 46317 | AB20: 27 | AC20: 80037 | AD20: 57 | AE20: 11_神戸校 | AF20: 57 | AG20: 4.神戸校 | AH20: H04 | AI20: 6 | AJ20: 488 | AL20: 28063 | AM20: 県立 | AN20: 鳴尾 | AO20: 28 | AP20: 兵庫 | AQ20: 0 | AR20: Y | AT20: 現役以外 | AU20: R以外
A21: 2705750010 | B21: 57 | C21: 11_神戸校 | D21: 57 | E21: 4.神戸校 | F21: 藤原 冴那 | G21: ﾌｼﾞﾜﾗ ｻﾅ | H21: 2 | I21: 675-0051 | J21: 兵庫県 | K21: 2027 | L21: 2027 | M21: 46280 | N21: H04 | O21: 7 | P21: 266 | Q21: 税理士スタンダードコース | R21: 2 | S21: 1 | T21: 税理士会計士系 | U21: 3 | V21: 2780015 | W21: 0 | Z21: O | AA21: 46309 | AB21: 27 | AC21: 80015 | AD21: 57 | AE21: 11_神戸校 | AF21: 57 | AG21: 4.神戸校 | AH21: H04 | AI21: 7 | AJ21: 266 | AL21: 28277 | AM21: 私立 | AN21: Ｆ．Ｓ．播磨西高等学院 | AO21: 28 | AP21: 兵庫 | AQ21: 0 | AR21: Y | AT21: 現役 | AU21: R以外
A22: 2705750011 | B22: 57 | C22: 11_神戸校 | D22: 57 | E22: 4.神戸校 | F22: 安在 七海 | G22: ｱﾝｻﾞｲ ﾅﾅﾐ | H22: 2 | I22: 671-2544 | J22: 兵庫県 | K22: 2027 | L22: 2027 | M22: 46300 | N22: H04 | O22: 0ｼ | P22: 490 | Q22: 小児クラークコース | R22: 2 | S22: 8 | T22: 医療事務系 | U22: 6 | V22: 0 | W22: 0 | Z22: O | AB22: 0 | AC22: 0 | AD22: 0 | AE22: 0_未手続 | AG22: 0_未手続 | AJ22: 0 | AL22: 28168 | AM22: 県立 | AN22: 山崎 | AO22: 28 | AP22: 兵庫 | AQ22: 0 | AR22: Y | AT22: 現役 | AU22: R以外
A23: 2705750012 | B23: 57 | C23: 11_神戸校 | D23: 57 | E23: 4.神戸校 | F23: 藤吉 透陽 | G23: ﾌｼﾞﾖｼ ﾄｳﾔ | H23: 1 | I23: 651-2113 | J23: 兵庫県 | K23: 2027 | L23: 2027 | M23: 46299 | N23: H04 | O23: 57 | P23: 645 | Q23: 独立経営専攻コース | R23: 2 | S23: 3 | T23: ビジネス系 | U23: 4 | V23: 2780039 | W23: 0 | Z23: O | AA23: 46322 | AB23: 27 | AC23: 80039 | AD23: 57 | AE23: 11_神戸校 | AF23: 57 | AG23: 4.神戸校 | AH23: H04 | AI23: 57 | AJ23: 645 | AL23: 28121 | AM23: 県立 | AN23: 伊川谷 | AO23: 28 | AP23: 兵庫 | AQ23: 0 | AR23: Y | AT23: 現役 | AU23: R以外
A24: 2705750013 | B24: 57 | C24: 11_神戸校 | D24: 57 | E24: 4.神戸校 | F24: 松本 彩空 | G24: ﾏﾂﾓﾄ ｻﾗ | H24: 2 | I24: 673-0891 | J24: 兵庫県 | K24: 2027 | L24: 2027 | M24: 46271 | N24: H04 | O24: 57 | P24: 1756 | Q24: マーケティングビジネス専攻 | R24: 2 | S24: 3 | T24: ビジネス系 | U24: 4 | V24: 2780006 | W24: 0 | Z24: O | AA24: 46307 | AB24: 27 | AC24: 80006 | AD24: 57 | AE24: 11_神戸校 | AF24: 57 | AG24: 4.神戸校 | AH24: H04 | AI24: 57 | AJ24: 1756 | AL24: 28203 | AM24: 県立 | AN24: 神戸高塚 | AO24: 28 | AP24: 兵庫 | AQ24: 0 | AR24: Y | AT24: 現役 | AU24: R以外
A25: 2705750015 | B25: 57 | C25: 11_神戸校 | D25: 57 | E25: 4.神戸校 | F25: 呼子 杷永 | G25: ﾖﾌﾞｺ ﾊﾅﾉ | H25: 2 | I25: 654-0024 | J25: 兵庫県 | K25: 2027 | L25: 2027 | M25: 46280 | N25: H04 | O25: 58 | P25: 968 | Q25: 市役所・町役場等初級レベル | R25: 2 | S25: 2 | T25: 公務員 | U25: 1 | V25: 2780010 | W25: 0 | Z25: O | AA25: 46307 | AB25: 27 | AC25: 80010 | AD25: 57 | AE25: 11_神戸校 | AF25: 57 | AG25: 4.神戸校 | AH25: H04 | AI25: 58 | AJ25: 968 | AL25: 28261 | AM25: 市立 | AN25: 須磨翔風（単位制） | AO25: 28 | AP25: 兵庫 | AQ25: 0 | AR25: Y | AT25: 現役 | AU25: R以外
A26: 2705750016 | B26: 57 | C26: 11_神戸校 | D26: 57 | E26: 4.神戸校 | F26: 谷間 愛菜 | G26: ﾀﾆﾏ ｱﾕﾅ | H26: 2 | I26: 656-0511 | J26: 兵庫県 | K26: 2027 | L26: 2027 | M26: 46294 | N26: H04 | O26: 7 | P26: 266 | Q26: 税理士スタンダードコース | R26: 2 | S26: 1 | T26: 税理士会計士系 | U26: 3 | V26: 0 | W26: 0 | Z26: O | AB26: 0 | AC26: 0 | AD26: 0 | AE26: 0_未手続 | AG26: 0_未手続 | AJ26: 0 | AL26: 28296 | AM26: 私立 | AN26: 飛鳥未来きずな高等学校神戸キャンパス | AO26: 28 | AP26: 兵庫 | AQ26: 0 | AR26: Y | AT26: 現役 | AU26: R以外
A27: 2705750017 | B27: 57 | C27: 11_神戸校 | D27: 57 | E27: 4.神戸校 | F27: 隅野 汰良 | G27: ｽﾐﾉ ﾀｲﾗ | H27: 1 | I27: 654-0045 | J27: 兵庫県 | K27: 2027 | L27: 2027 | M27: 46315 | N27: H04 | O27: 0ｽ | P27: 1786 | Q27: スポーツ＆公務員コース | R27: 2 | S27: 5 | T27: スポーツ系 | U27: 15 | V27: 0 | W27: 0 | Z27: O | AB27: 0 | AC27: 0 | AD27: 0 | AE27: 0_未手続 | AG27: 0_未手続 | AJ27: 0 | AL27: 28121 | AM27: 県立 | AN27: 伊川谷 | AO27: 28 | AP27: 兵庫 | AQ27: 0 | AR27: Y | AT27: 現役 | AU27: R以外
A28: 2705750018 | B28: 57 | C28: 11_神戸校 | D28: 57 | E28: 4.神戸校 | F28: 佐藤 杏菜 | G28: ｻﾄｳ ｱﾝﾅ | H28: 2 | I28: 671-1643 | J28: 兵庫県 | K28: 2027 | L28: 2027 | M28: 46321 | N28: H04 | O28: 57 | P28: 1756 | Q28: マーケティングビジネス専攻 | R28: 2 | S28: 3 | T28: ビジネス系 | U28: 4 | V28: 0 | W28: 0 | Z28: O | AB28: 0 | AC28: 0 | AD28: 0 | AE28: 0_未手続 | AG28: 0_未手続 | AJ28: 0 | AL28: 28173 | AM28: 県立 | AN28: 赤穂 | AO28: 28 | AP28: 兵庫 | AQ28: 0 | AT28: 現役 | AU28: R以外
A29: 2705750019 | B29: 57 | C29: 11_神戸校 | D29: 57 | E29: 4.神戸校 | F29: 本多 志帆 | G29: ﾎﾝﾀﾞ ｼﾎ | H29: 2 | I29: 651-2401 | J29: 兵庫県 | K29: 2027 | L29: 2027 | M29: 46268 | N29: H04 | O29: 6 | P29: 488 | Q29: 公認会計士スタンダードコース | R29: 2 | S29: 1 | T29: 税理士会計士系 | U29: 3 | V29: 2780001 | W29: 0 | Z29: O | AA29: 46307 | AB29: 27 | AC29: 80001 | AD29: 57 | AE29: 11_神戸校 | AF29: 57 | AG29: 4.神戸校 | AH29: H04 | AI29: 6 | AJ29: 488 | AL29: 28108 | AM29: 県立 | AN29: 農業 | AO29: 28 | AP29: 兵庫 | AQ29: 0 | AR29: Y | AT29: 現役 | AU29: R以外
A30: 2705750020 | B30: 57 | C30: 11_神戸校 | D30: 57 | E30: 4.神戸校 | F30: 山田 和士 | G30: ﾔﾏﾀﾞ ｶｽﾞｼ | H30: 1 | I30: 655-0011 | J30: 兵庫県 | K30: 2027 | L30: 2027 | M30: 46298 | N30: H04 | O30: 58 | P30: 428 | Q30: 消防官コース | R30: 2 | S30: 2 | T30: 公務員 | U30: 1 | V30: 0 | W30: 0 | Z30: O | AB30: 0 | AC30: 0 | AD30: 0 | AE30: 0_未手続 | AG30: 0_未手続 | AJ30: 0 | AL30: 28220 | AM30: 私立 | AN30: 神戸国際 | AO30: 28 | AP30: 兵庫 | AQ30: 0 | AR30: Y | AT30: 現役 | AU30: R以外
A31: 2705750022 | B31: 57 | C31: 11_神戸校 | D31: 57 | E31: 4.神戸校 | F31: 今井 美来 | G31: ｲﾏｲ ﾁｭﾗ | H31: 2 | I31: 652-0898 | J31: 兵庫県 | K31: 2027 | L31: 2027 | M31: 46271 | N31: H04 | O31: 0ｼ | P31: 1006 | Q31: 医療事務・ビジネスコース | R31: 2 | S31: 8 | T31: 医療事務系 | U31: 6 | V31: 0 | W31: 0 | Z31: O | AB31: 0 | AC31: 0 | AD31: 0 | AE31: 0_未手続 | AG31: 0_未手続 | AJ31: 0 | AL31: 28032 | AM31: 私立 | AN31: 神戸星城 | AO31: 28 | AP31: 兵庫 | AQ31: 0 | AR31: Y | AT31: 現役 | AU31: R以外
A32: 2705750023 | B32: 57 | C32: 11_神戸校 | D32: 57 | E32: 4.神戸校 | F32: 山本 虎太朗 | G32: ﾔﾏﾓﾄ ｺﾀﾛｳ | H32: 1 | I32: 674-0067 | J32: 兵庫県 | K32: 2027 | L32: 2027 | M32: 46277 | N32: H04 | O32: 58 | P32: 968 | Q32: 市役所・町役場等初級レベル | R32: 2 | S32: 2 | T32: 公務員 | U32: 1 | V32: 2780017 | W32: 0 | Z32: O | AA32: 46309 | AB32: 27 | AC32: 80017 | AD32: 57 | AE32: 11_神戸校 | AF32: 57 | AG32: 4.神戸校 | AH32: H04 | AI32: 58 | AJ32: 968 | AL32: 28117 | AM32: 県立 | AN32: 明石南 | AO32: 28 | AP32: 兵庫 | AQ32: 0 | AR32: Y | AT32: 現役 | AU32: R以外
A33: 2705750024 | B33: 57 | C33: 11_神戸校 | D33: 57 | E33: 4.神戸校 | F33: 河添 晴斗 | G33: ｶﾜｿﾞｴ ﾊﾙﾄ | H33: 1 | I33: 651-1233 | J33: 兵庫県 | K33: 2027 | L33: 2027 | M33: 46275 | N33: H04 | O33: 7 | P33: 266 | Q33: 税理士スタンダードコース | R33: 2 | S33: 1 | T33: 税理士会計士系 | U33: 3 | V33: 2780014 | W33: 0 | Z33: O | AA33: 46309 | AB33: 27 | AC33: 80014 | AD33: 57 | AE33: 11_神戸校 | AF33: 57 | AG33: 4.神戸校 | AH33: H04 | AI33: 7 | AJ33: 266 | AL33: 28032 | AM33: 私立 | AN33: 神戸星城 | AO33: 28 | AP33: 兵庫 | AQ33: 0 | AR33: Y | AT33: 現役 | AU33: R以外
A34: 2705750026 | B34: 57 | C34: 11_神戸校 | D34: 57 | E34: 4.神戸校 | F34: 中谷 留依 | G34: ﾅｶﾀﾆ ﾙｲ | H34: 2 | I34: 655-0006 | J34: 兵庫県 | K34: 2027 | L34: 2027 | M34: 46284 | N34: H04 | O34: 7 | P34: 266 | Q34: 税理士スタンダードコース | R34: 2 | S34: 1 | T34: 税理士会計士系 | U34: 3 | V34: 2780025 | W34: 0 | Z34: O | AA34: 46314 | AB34: 27 | AC34: 80025 | AD34: 57 | AE34: 11_神戸校 | AF34: 57 | AG34: 4.神戸校 | AH34: H04 | AI34: 7 | AJ34: 266 | AL34: 28030 | AM34: 県立 | AN34: 神戸商業 | AO34: 28 | AP34: 兵庫 | AQ34: 0 | AR34: Y | AT34: 現役 | AU34: R以外
A35: 2705750028 | B35: 57 | C35: 11_神戸校 | D35: 57 | E35: 4.神戸校 | F35: 原田 夕輝 | G35: ﾊﾗﾀﾞ ﾕｳｷ | H35: 1 | I35: 654-0026 | J35: 兵庫県 | K35: 0 | L35: 2027 | M35: 46269 | N35: H04 | O35: 57 | P35: 1775 | Q35: オフィスビジネス専攻コース | R35: 2 | S35: 3 | T35: ビジネス系 | U35: 4 | V35: 2780007 | W35: 0 | Z35: O | AA35: 46307 | AB35: 27 | AC35: 80007 | AD35: 57 | AE35: 11_神戸校 | AF35: 57 | AG35: 4.神戸校 | AH35: H04 | AI35: 57 | AJ35: 1775 | AL35: 28108 | AM35: 県立 | AN35: 農業 | AO35: 28 | AP35: 兵庫 | AQ35: 0 | AR35: Y | AT35: 現役以外 | AU35: R以外
A36: 2705750030 | B36: 57 | C36: 11_神戸校 | D36: 57 | E36: 4.神戸校 | F36: 辻 うらら | G36: ﾂｼﾞ ｳﾗﾗ | H36: 2 | I36: 676-0011 | J36: 兵庫県 | K36: 2027 | L36: 2027 | M36: 46296 | N36: H04 | O36: 0ｼ | P36: 121 | Q36: 医療事務コース | R36: 2 | S36: 8 | T36: 医療事務系 | U36: 6 | V36: 0 | W36: 0 | Z36: O | AB36: 0 | AC36: 0 | AD36: 0 | AE36: 0_未手続 | AG36: 0_未手続 | AJ36: 0 | AL36: 28200 | AM36: 県立 | AN36: 加古川南 | AO36: 28 | AP36: 兵庫 | AQ36: 0 | AR36: Y | AT36: 現役 | AU36: R以外
A37: 2705750031 | B37: 57 | C37: 11_神戸校 | D37: 57 | E37: 4.神戸校 | F37: 松本 航 | G37: ﾏﾂﾓﾄ ﾜﾀﾙ | H37: 1 | I37: 669-6701 | J37: 兵庫県 | K37: 2027 | L37: 2027 | M37: 46282 | N37: H04 | O37: 0ｽ | P37: 502 | Q37: スポーツトレーナーコース | R37: 2 | S37: 5 | T37: スポーツ系 | U37: 15 | V37: 2780026 | W37: 0 | Z37: O | AA37: 46314 | AB37: 27 | AC37: 80026 | AD37: 57 | AE37: 11_神戸校 | AF37: 57 | AG37: 4.神戸校 | AH37: H04 | AI37: 0ｽ | AJ37: 502 | AL37: 28231 | AM37: 県立 | AN37: 豊岡総合 | AO37: 28 | AP37: 兵庫 | AQ37: 0 | AR37: Y | AT37: 現役 | AU37: R以外
A38: 2705750033 | B38: 57 | C38: 11_神戸校 | D38: 57 | E38: 4.神戸校 | F38: 青山 桃果 | G38: ｱｵﾔﾏ ﾓﾓｶ | H38: 2 | I38: 651-1122 | J38: 兵庫県 | K38: 2027 | L38: 2027 | M38: 46271 | N38: H04 | O38: 58 | P38: 968 | Q38: 市役所・町役場等初級レベル | R38: 2 | S38: 2 | T38: 公務員 | U38: 1 | V38: 0 | W38: 0 | Z38: O | AB38: 0 | AC38: 0 | AD38: 0 | AE38: 0_未手続 | AG38: 0_未手続 | AJ38: 0 | AL38: 28245 | AM38: 県立 | AN38: 神戸鈴蘭台 | AO38: 28 | AP38: 兵庫 | AQ38: 0 | AR38: Y | AT38: 現役 | AU38: R以外
A39: 2705750034 | B39: 57 | C39: 11_神戸校 | D39: 57 | E39: 4.神戸校 | F39: 重本 全 | G39: ｼｹﾞﾓﾄ ｾﾞﾝ | H39: 1 | I39: 669-6831 | J39: 兵庫県 | K39: 2027 | L39: 2027 | M39: 46309 | N39: H04 | O39: 58 | P39: 428 | Q39: 消防官コース | R39: 2 | S39: 2 | T39: 公務員 | U39: 1 | V39: 0 | W39: 0 | Z39: O | AB39: 0 | AC39: 0 | AD39: 0 | AE39: 0_未手続 | AG39: 0_未手続 | AJ39: 0 | AL39: 31006 | AM39: 私立 | AN39: 鳥取城北 | AO39: 31 | AP39: 鳥取 | AQ39: 0 | AR39: Y | AT39: 現役 | AU39: R以外
A40: 2705750036 | B40: 57 | C40: 11_神戸校 | D40: 57 | E40: 4.神戸校 | F40: 捫垣 怜翔 | G40: ﾈｼﾞｶﾞｷ ﾚﾝﾄ | H40: 1 | I40: 651-1147 | J40: 兵庫県 | K40: 2027 | L40: 2027 | M40: 46313 | N40: H04 | O40: 58 | P40: 428 | Q40: 消防官コース | R40: 2 | S40: 2 | T40: 公務員 | U40: 1 | V40: 0 | W40: 0 | Z40: O | AB40: 0 | AC40: 0 | AD40: 0 | AE40: 0_未手続 | AG40: 0_未手続 | AJ40: 0 | AL40: 28022 | AM40: 私立 | AN40: 三田松聖 | AO40: 28 | AP40: 兵庫 | AQ40: 0 | AR40: Y | AT40: 現役 | AU40: R以外
A41: 2705750037 | B41: 57 | C41: 11_神戸校 | D41: 57 | E41: 4.神戸校 | F41: 磯﨑 心華 | G41: ｲｿｻﾞｷ ｺｺｶ | H41: 2 | I41: 760-0080 | J41: 香川県 | K41: 2027 | L41: 2027 | M41: 46269 | N41: H04 | O41: 0ｼ | P41: 273 | Q41: 薬局事務コース | R41: 2 | S41: 8 | T41: 医療事務系 | U41: 6 | V41: 2780009 | W41: 0 | Z41: O | AA41: 46307 | AB41: 27 | AC41: 80009 | AD41: 57 | AE41: 11_神戸校 | AF41: 57 | AG41: 4.神戸校 | AH41: H04 | AI41: 0ｼ | AJ41: 273 | AL41: 37008 | AM41: 私立 | AN41: 英明 | AO41: 37 | AP41: 香川 | AQ41: 0 | AR41: Y | AT41: 現役 | AU41: R以外
A42: 2705750038 | B42: 57 | C42: 11_神戸校 | D42: 57 | E42: 4.神戸校 | F42: 尾﨑 柊斗 | G42: ｵｻﾞｷ ｼｭｳﾄ | H42: 1 | I42: 651-1222 | J42: 兵庫県 | K42: 2027 | L42: 2027 | M42: 46266 | N42: H04 | O42: 0ｽ | P42: 502 | Q42: スポーツトレーナーコース | R42: 2 | S42: 5 | T42: スポーツ系 | U42: 15 | V42: 2780016 | W42: 0 | Z42: O | AA42: 46309 | AB42: 27 | AC42: 80016 | AD42: 57 | AE42: 11_神戸校 | AF42: 57 | AG42: 4.神戸校 | AH42: H04 | AI42: 0ｽ | AJ42: 502 | AL42: 28032 | AM42: 私立 | AN42: 神戸星城 | AO42: 28 | AP42: 兵庫 | AQ42: 0 | AR42: Y | AT42: 現役 | AU42: R以外
A43: 2705750039 | B43: 57 | C43: 11_神戸校 | D43: 57 | E43: 4.神戸校 | F43: 山本 旺輝 | G43: ﾔﾏﾓﾄ ｵｳｷ | H43: 1 | I43: 655-0046 | J43: 兵庫県 | K43: 2027 | L43: 2027 | M43: 46267 | N43: H04 | O43: 6 | P43: 488 | Q43: 公認会計士スタンダードコース | R43: 2 | S43: 1 | T43: 税理士会計士系 | U43: 3 | V43: 2780024 | W43: 0 | Z43: O | AA43: 46310 | AB43: 27 | AC43: 80024 | AD43: 57 | AE43: 11_神戸校 | AF43: 57 | AG43: 4.神戸校 | AH43: H04 | AI43: 6 | AJ43: 488 | AL43: 28030 | AM43: 県立 | AN43: 神戸商業 | AO43: 28 | AP43: 兵庫 | AQ43: 0 | AR43: Y | AT43: 現役 | AU43: R以外
A44: 2705750040 | B44: 57 | C44: 11_神戸校 | D44: 57 | E44: 4.神戸校 | F44: 林 慶太朗 | G44: ﾊﾔｼ ｹｲﾀﾛｳ | H44: 1 | I44: 655-0011 | J44: 兵庫県 | K44: 2027 | L44: 2027 | M44: 46273 | N44: H04 | O44: 6 | P44: 488 | Q44: 公認会計士スタンダードコース | R44: 2 | S44: 1 | T44: 税理士会計士系 | U44: 3 | V44: 2780003 | W44: 0 | Z44: O | AA44: 46307 | AB44: 27 | AC44: 80003 | AD44: 57 | AE44: 11_神戸校 | AF44: 57 | AG44: 4.神戸校 | AH44: H04 | AI44: 6 | AJ44: 488 | AL44: 28030 | AM44: 県立 | AN44: 神戸商業 | AO44: 28 | AP44: 兵庫 | AQ44: 0 | AR44: Y | AT44: 現役 | AU44: R以外
A45: 2705750041 | B45: 57 | C45: 11_神戸校 | D45: 57 | E45: 4.神戸校 | F45: 坂本 悠季 | G45: ｻｶﾓﾄ ﾕｳｷ | H45: 1 | I45: 655-0037 | J45: 兵庫県 | K45: 2027 | L45: 2027 | M45: 46268 | N45: H04 | O45: 6 | P45: 488 | Q45: 公認会計士スタンダードコース | R45: 2 | S45: 1 | T45: 税理士会計士系 | U45: 3 | V45: 2780020 | W45: 0 | Z45: O | AA45: 46310 | AB45: 27 | AC45: 80020 | AD45: 57 | AE45: 11_神戸校 | AF45: 57 | AG45: 4.神戸校 | AH45: H04 | AI45: 6 | AJ45: 488 | AL45: 28030 | AM45: 県立 | AN45: 神戸商業 | AO45: 28 | AP45: 兵庫 | AQ45: 0 | AR45: Y | AT45: 現役 | AU45: R以外
A46: 2705750043 | B46: 57 | C46: 11_神戸校 | D46: 57 | E46: 4.神戸校 | F46: 橋本 涼 | G46: ﾊｼﾓﾄ ﾘｮｳ | H46: 1 | I46: 650-0003 | J46: 兵庫県 | K46: 0 | L46: 2027 | M46: 46302 | N46: H04 | O46: 6 | P46: 488 | Q46: 公認会計士スタンダードコース | R46: 2 | S46: 1 | T46: 税理士会計士系 | U46: 3 | V46: 0 | W46: 0 | Z46: O | AB46: 0 | AC46: 0 | AD46: 0 | AE46: 0_未手続 | AG46: 0_未手続 | AJ46: 0 | AL46: 28037 | AM46: 県立 | AN46: 東灘 | AO46: 28 | AP46: 兵庫 | AQ46: 0 | AR46: Y | AT46: 現役以外 | AU46: R以外
A47: 2705750044 | B47: 57 | C47: 11_神戸校 | D47: 57 | E47: 4.神戸校 | F47: 髙岡 亜衣 | G47: ﾀｶｵｶ ｱｲ | H47: 2 | I47: 773-0007 | J47: 徳島県 | K47: 2027 | L47: 2027 | M47: 46267 | N47: H04 | O47: 7 | P47: 266 | Q47: 税理士スタンダードコース | R47: 2 | S47: 1 | T47: 税理士会計士系 | U47: 3 | V47: 2780002 | W47: 0 | Z47: O | AA47: 46307 | AB47: 27 | AC47: 80002 | AD47: 57 | AE47: 11_神戸校 | AF47: 57 | AG47: 4.神戸校 | AH47: H04 | AI47: 7 | AJ47: 266 | AL47: 36030 | AM47: 県立 | AN47: 富岡東 | AO47: 36 | AP47: 徳島 | AQ47: 0 | AR47: Y | AT47: 現役 | AU47: R以外
A48: 2705750045 | B48: 57 | C48: 11_神戸校 | D48: 57 | E48: 4.神戸校 | F48: 黒田 心愛 | G48: ｸﾛﾀﾞ ｺｺｱ | H48: 2 | I48: 651-0073 | J48: 兵庫県 | K48: 2027 | L48: 2027 | M48: 46271 | N48: H04 | O48: 58 | P48: 859 | Q48: 裁判所・検察庁・税務署職員 | R48: 2 | S48: 2 | T48: 公務員 | U48: 1 | V48: 0 | W48: 0 | Z48: O | AB48: 0 | AC48: 0 | AD48: 0 | AE48: 0_未手続 | AG48: 0_未手続 | AJ48: 0 | AK48: K | AL48: 28282 | AM48: 市立 | AN48: 神港橘 | AO48: 28 | AP48: 兵庫 | AQ48: 0 | AR48: Y | AT48: 現役 | AU48: R以外
A49: 2705750046 | B49: 57 | C49: 11_神戸校 | D49: 57 | E49: 4.神戸校 | F49: 二杉 泰樹 | G49: ﾆｽｷﾞ ﾀｲｼﾞｭ | H49: 1 | I49: 674-0084 | J49: 兵庫県 | K49: 2027 | L49: 2027 | M49: 46317 | N49: H04 | O49: 58 | P49: 428 | Q49: 消防官コース | R49: 2 | S49: 2 | T49: 公務員 | U49: 1 | V49: 0 | W49: 0 | Z49: O | AB49: 0 | AC49: 0 | AD49: 0 | AE49: 0_未手続 | AG49: 0_未手続 | AJ49: 0 | AK49: K | AL49: 28185 | AM49: 県立 | AN49: 明石清水 | AO49: 28 | AP49: 兵庫 | AQ49: 0 | AR49: Y | AT49: 現役 | AU49: R以外
A50: 2705750047 | B50: 57 | C50: 11_神戸校 | D50: 57 | E50: 4.神戸校 | F50: 釼持 日菜子 | G50: ｹﾝﾓﾂ ﾋﾅｺ | H50: 2 | I50: 674-0065 | J50: 兵庫県 | K50: 2027 | L50: 2027 | M50: 46301 | N50: H04 | O50: 58 | P50: 427 | Q50: 警察官コース | R50: 2 | S50: 2 | T50: 公務員 | U50: 1 | V50: 0 | W50: 0 | Z50: O | AB50: 0 | AC50: 0 | AD50: 0 | AE50: 0_未手続 | AG50: 0_未手続 | AJ50: 0 | AL50: 28025 | AM50: 私立 | AN50: 兵庫大学附属須磨ノ浦 | AO50: 28 | AP50: 兵庫 | AQ50: 0 | AR50: Y | AT50: 現役 | AU50: R以外
A51: 2705750048 | B51: 57 | C51: 11_神戸校 | D51: 57 | E51: 4.神戸校 | F51: 西山 叶愛 | G51: ﾆｼﾔﾏ ﾉｱ | H51: 2 | I51: 656-0534 | J51: 兵庫県 | K51: 2027 | L51: 2027 | M51: 46280 | N51: H04 | O51: 57 | P51: 1044 | Q51: 事務・経理職専攻コース | R51: 2 | S51: 3 | T51: ビジネス系 | U51: 4 | V51: 2780008 | W51: 0 | Z51: O | AA51: 46307 | AB51: 27 | AC51: 80008 | AD51: 57 | AE51: 11_神戸校 | AF51: 57 | AG51: 4.神戸校 | AH51: H04 | AI51: 57 | AJ51: 1044 | AL51: 28150 | AM51: 県立 | AN51: 洲本実業 | AO51: 28 | AP51: 兵庫 | AQ51: 0 | AR51: Y | AT51: 現役 | AU51: R以外
A52: 2705750049 | B52: 57 | C52: 11_神戸校 | D52: 57 | E52: 4.神戸校 | F52: 筒井 宏多 | G52: ﾂﾂｲ ｺｳﾀ | H52: 1 | I52: 651-2401 | J52: 兵庫県 | K52: 2027 | L52: 2027 | M52: 46269 | N52: H04 | O52: 58 | P52: 428 | Q52: 消防官コース | R52: 2 | S52: 2 | T52: 公務員 | U52: 1 | V52: 2780018 | W52: 0 | Z52: O | AA52: 46309 | AB52: 27 | AC52: 80018 | AD52: 57 | AE52: 11_神戸校 | AF52: 57 | AG52: 4.神戸校 | AH52: H04 | AI52: 58 | AJ52: 428 | AL52: 28124 | AM52: 市立 | AN52: 明石商業 | AO52: 28 | AP52: 兵庫 | AQ52: 0 | AR52: Y | AT52: 現役 | AU52: R以外
A53: 2705750050 | B53: 57 | C53: 11_神戸校 | D53: 57 | E53: 4.神戸校 | F53: 大谷 歩夢 | G53: ｵｵﾀﾆ ｱﾕﾑ | H53: 1 | I53: 654-0152 | J53: 兵庫県 | K53: 2027 | L53: 2027 | M53: 46271 | N53: H04 | O53: 58 | P53: 428 | Q53: 消防官コース | R53: 2 | S53: 2 | T53: 公務員 | U53: 1 | V53: 0 | W53: 0 | Z53: O | AB53: 0 | AC53: 0 | AD53: 0 | AE53: 0_未手続 | AG53: 0_未手続 | AJ53: 0 | AK53: K | AL53: 28121 | AM53: 県立 | AN53: 伊川谷 | AO53: 28 | AP53: 兵庫 | AQ53: 0 | AR53: Y | AT53: 現役 | AU53: R以外
A54: 2705750052 | B54: 57 | C54: 11_神戸校 | D54: 57 | E54: 4.神戸校 | F54: 森下 壮祐 | G54: ﾓﾘｼﾀ ｿｳｽｹ | H54: 1 | I54: 651-2244 | J54: 兵庫県 | K54: 2027 | L54: 2027 | M54: 46270 | N54: H04 | O54: 58 | P54: 428 | Q54: 消防官コース | R54: 2 | S54: 2 | T54: 公務員 | U54: 1 | V54: 0 | W54: 0 | Z54: O | AB54: 0 | AC54: 0 | AD54: 0 | AE54: 0_未手続 | AG54: 0_未手続 | AJ54: 0 | AK54: K | AL54: 28012 | AM54: 私立 | AN54: 育英 | AO54: 28 | AP54: 兵庫 | AQ54: 0 | AR54: Y | AT54: 現役 | AU54: R以外
A55: 2705750053 | B55: 57 | C55: 11_神戸校 | D55: 57 | E55: 4.神戸校 | F55: 誉田 陽菜 | G55: ｺﾝﾀﾞ ﾋﾅ | H55: 2 | I55: 668-0012 | J55: 兵庫県 | K55: 2027 | L55: 2027 | M55: 46291 | N55: H04 | O55: 7 | P55: 266 | Q55: 税理士スタンダードコース | R55: 2 | S55: 1 | T55: 税理士会計士系 | U55: 3 | V55: 0 | W55: 0 | Z55: O | AB55: 0 | AC55: 0 | AD55: 0 | AE55: 0_未手続 | AG55: 0_未手続 | AJ55: 0 | AL55: 28231 | AM55: 県立 | AN55: 豊岡総合 | AO55: 28 | AP55: 兵庫 | AQ55: 0 | AR55: Y | AT55: 現役 | AU55: R以外
A56: 2705750054 | B56: 57 | C56: 11_神戸校 | D56: 57 | E56: 4.神戸校 | F56: 多鹿 漣 | G56: ﾀｼﾞｶ ﾚﾝ | H56: 1 | I56: 675-1332 | J56: 兵庫県 | K56: 2027 | L56: 2027 | M56: 46273 | N56: H04 | O56: 0ｽ | P56: 61 | Q56: スポーツビジネスコース | R56: 2 | S56: 5 | T56: スポーツ系 | U56: 15 | V56: 2780005 | W56: 0 | Z56: O | AA56: 46307 | AB56: 27 | AC56: 80005 | AD56: 57 | AE56: 11_神戸校 | AF56: 57 | AG56: 4.神戸校 | AH56: H04 | AI56: 0ｽ | AJ56: 61 | AL56: 28120 | AM56: 県立 | AN56: 三木東 | AO56: 28 | AP56: 兵庫 | AQ56: 0 | AR56: Y | AT56: 現役 | AU56: R以外
A57: 2705750057 | B57: 57 | C57: 11_神戸校 | D57: 57 | E57: 4.神戸校 | F57: 坂田 瑞月 | G57: ｻｶﾀ ﾐｽﾞｷ | H57: 2 | I57: 655-0009 | J57: 兵庫県 | K57: 2027 | L57: 2027 | M57: 46295 | N57: H04 | O57: 58 | P57: 968 | Q57: 市役所・町役場等初級レベル | R57: 2 | S57: 2 | T57: 公務員 | U57: 1 | V57: 0 | W57: 0 | Z57: O | AB57: 0 | AC57: 0 | AD57: 0 | AE57: 0_未手続 | AG57: 0_未手続 | AJ57: 0 | AK57: Y | AL57: 28210 | AM57: 県立 | AN57: 伊川谷北 | AO57: 28 | AP57: 兵庫 | AQ57: 0 | AR57: Y | AT57: 現役 | AU57: R以外
A58: 2705750058 | B58: 57 | C58: 11_神戸校 | D58: 57 | E58: 4.神戸校 | F58: 坂田 裕月 | G58: ｻｶﾀ ﾕﾂﾞｷ | H58: 2 | I58: 655-0009 | J58: 兵庫県 | K58: 2027 | L58: 2027 | M58: 46295 | N58: H04 | O58: 58 | P58: 968 | Q58: 市役所・町役場等初級レベル | R58: 2 | S58: 2 | T58: 公務員 | U58: 1 | V58: 0 | W58: 0 | Z58: O | AB58: 0 | AC58: 0 | AD58: 0 | AE58: 0_未手続 | AG58: 0_未手続 | AJ58: 0 | AK58: Y | AL58: 28210 | AM58: 県立 | AN58: 伊川谷北 | AO58: 28 | AP58: 兵庫 | AQ58: 0 | AR58: Y | AT58: 現役 | AU58: R以外
A59: 2705750059 | B59: 57 | C59: 11_神戸校 | D59: 57 | E59: 4.神戸校 | F59: 佃 英慈 | G59: ﾂｸﾀﾞ ｴｲｼﾞ | H59: 1 | I59: 673-1341 | J59: 兵庫県 | K59: 2027 | L59: 2027 | M59: 46274 | N59: H04 | O59: 7 | P59: 266 | Q59: 税理士スタンダードコース | R59: 2 | S59: 1 | T59: 税理士会計士系 | U59: 3 | V59: 2780023 | W59: 0 | Z59: O | AA59: 46310 | AB59: 27 | AC59: 80023 | AD59: 57 | AE59: 11_神戸校 | AF59: 57 | AG59: 4.神戸校 | AH59: H04 | AI59: 7 | AJ59: 266 | AL59: 28136 | AM59: 県立 | AN59: 小野 | AO59: 28 | AP59: 兵庫 | AQ59: 0 | AR59: Y | AT59: 現役 | AU59: R以外
A60: 2705750060 | B60: 57 | C60: 11_神戸校 | D60: 57 | E60: 4.神戸校 | F60: 川原 輝音花 | G60: ｶﾜﾊﾗ ﾋｵﾘ | H60: 2 | I60: 763-0051 | J60: 香川県 | K60: 2027 | L60: 2027 | M60: 46296 | N60: H04 | O60: 57 | P60: 1044 | Q60: 事務・経理職専攻コース | R60: 2 | S60: 3 | T60: ビジネス系 | U60: 4 | V60: 0 | W60: 0 | Z60: O | AB60: 0 | AC60: 0 | AD60: 0 | AE60: 0_未手続 | AG60: 0_未手続 | AJ60: 0 | AL60: 37021 | AM60: 県立 | AN60: 丸亀城西 | AO60: 37 | AP60: 香川 | AQ60: 0 | AR60: Y | AT60: 現役 | AU60: R以外
A61: 2705750061 | B61: 57 | C61: 11_神戸校 | D61: 57 | E61: 4.神戸校 | F61: 芦谷 理來 | G61: ｱｼﾔ ﾘｸ | H61: 2 | I61: 765-0040 | J61: 香川県 | K61: 2027 | L61: 2027 | M61: 46296 | N61: H04 | O61: 57 | P61: 1044 | Q61: 事務・経理職専攻コース | R61: 2 | S61: 3 | T61: ビジネス系 | U61: 4 | V61: 2780038 | W61: 0 | Z61: O | AA61: 46322 | AB61: 27 | AC61: 80038 | AD61: 57 | AE61: 11_神戸校 | AF61: 57 | AG61: 4.神戸校 | AH61: H04 | AI61: 57 | AJ61: 1044 | AL61: 37021 | AM61: 県立 | AN61: 丸亀城西 | AO61: 37 | AP61: 香川 | AQ61: 0 | AR61: Y | AT61: 現役 | AU61: R以外
A62: 2705750062 | B62: 57 | C62: 11_神戸校 | D62: 57 | E62: 4.神戸校 | F62: 岡田 優那 | G62: ｵｶﾀﾞ ﾕﾅ | H62: 2 | I62: 657-0022 | J62: 兵庫県 | K62: 2027 | L62: 2027 | M62: 46318 | N62: H04 | O62: 58 | P62: 856 | Q62: 国家公務員初級レベルコース | R62: 2 | S62: 2 | T62: 公務員 | U62: 1 | V62: 0 | W62: 0 | Z62: O | AB62: 0 | AC62: 0 | AD62: 0 | AE62: 0_未手続 | AG62: 0_未手続 | AJ62: 0 | AL62: 28282 | AM62: 市立 | AN62: 神港橘 | AO62: 28 | AP62: 兵庫 | AQ62: 0 | AT62: 現役 | AU62: R以外
A63: 2705750063 | B63: 57 | C63: 11_神戸校 | D63: 57 | E63: 4.神戸校 | F63: 高橋 翔永 | G63: ﾀｶﾊｼ ｼｮｳｴｲ | H63: 1 | I63: 650-0004 | J63: 兵庫県 | K63: 2027 | L63: 2027 | M63: 46270 | N63: H04 | O63: 0ｽ | P63: 502 | Q63: スポーツトレーナーコース | R63: 2 | S63: 5 | T63: スポーツ系 | U63: 15 | V63: 2780012 | W63: 0 | Z63: O | AA63: 46309 | AB63: 27 | AC63: 80012 | AD63: 57 | AE63: 11_神戸校 | AF63: 57 | AG63: 4.神戸校 | AH63: H04 | AI63: 0ｽ | AJ63: 502 | AL63: 28029 | AM63: 私立 | AN63: 彩星工科 | AO63: 28 | AP63: 兵庫 | AQ63: 0 | AR63: Y | AT63: 現役 | AU63: R以外
A64: 2705750065 | B64: 57 | C64: 11_神戸校 | D64: 57 | E64: 4.神戸校 | F64: 橋口 蓮 | G64: ﾊｼｸﾞﾁ ﾚﾝ | H64: 1 | I64: 676-0078 | J64: 兵庫県 | K64: 2027 | L64: 2027 | M64: 46322 | N64: H04 | O64: 58 | P64: 428 | Q64: 消防官コース | R64: 2 | S64: 2 | T64: 公務員 | U64: 1 | V64: 0 | W64: 0 | Z64: O | AB64: 0 | AC64: 0 | AD64: 0 | AE64: 0_未手続 | AG64: 0_未手続 | AJ64: 0 | AL64: 28257 | AM64: 私立 | AN64: クラーク記念国際姫路キャンパス | AO64: 28 | AP64: 兵庫 | AQ64: 0 | AT64: 現役 | AU64: R以外
A65: 2705750067 | B65: 57 | C65: 11_神戸校 | D65: 57 | E65: 4.神戸校 | F65: 麦沢 昭哉 | G65: ﾑｷﾞｻﾜ ｼｮｳﾔ | H65: 1 | I65: 654-0111 | J65: 兵庫県 | K65: 2027 | L65: 2027 | M65: 46288 | N65: H04 | O65: 58 | P65: 428 | Q65: 消防官コース | R65: 2 | S65: 2 | T65: 公務員 | U65: 1 | V65: 0 | W65: 0 | Z65: O | AB65: 0 | AC65: 0 | AD65: 0 | AE65: 0_未手続 | AG65: 0_未手続 | AJ65: 0 | AK65: K | AL65: 28198 | AM65: 県立 | AN65: 須磨友が丘 | AO65: 28 | AP65: 兵庫 | AQ65: 0 | AR65: Y | AT65: 現役 | AU65: R以外
A66: 2705750068 | B66: 57 | C66: 11_神戸校 | D66: 57 | E66: 4.神戸校 | F66: 川本 将大 | G66: ｶﾜﾓﾄ ｼｮｳﾀ | H66: 1 | I66: 651-2204 | J66: 兵庫県 | K66: 2027 | L66: 2027 | M66: 46281 | N66: H04 | O66: 58 | P66: 968 | Q66: 市役所・町役場等初級レベル | R66: 2 | S66: 2 | T66: 公務員 | U66: 1 | V66: 0 | W66: 0 | Z66: O | AB66: 0 | AC66: 0 | AD66: 0 | AE66: 0_未手続 | AG66: 0_未手続 | AJ66: 0 | AK66: K | AL66: 28203 | AM66: 県立 | AN66: 神戸高塚 | AO66: 28 | AP66: 兵庫 | AQ66: 0 | AR66: Y | AT66: 現役 | AU66: R以外
A67: 2705750071 | B67: 57 | C67: 11_神戸校 | D67: 57 | E67: 4.神戸校 | F67: 澤近 莉乃愛 | G67: ｻﾜﾁｶ ﾘﾉｱ | H67: 2 | I67: 675-1378 | J67: 兵庫県 | K67: 2027 | L67: 2027 | M67: 46277 | N67: H04 | O67: 7 | P67: 266 | Q67: 税理士スタンダードコース | R67: 2 | S67: 1 | T67: 税理士会計士系 | U67: 3 | V67: 0 | W67: 0 | Z67: O | AB67: 0 | AC67: 0 | AD67: 0 | AE67: 0_未手続 | AG67: 0_未手続 | AJ67: 0 | AL67: 28136 | AM67: 県立 | AN67: 小野 | AO67: 28 | AP67: 兵庫 | AQ67: 0 | AR67: Y | AT67: 現役 | AU67: R以外
A68: 2705750072 | B68: 57 | C68: 11_神戸校 | D68: 57 | E68: 4.神戸校 | F68: 松田 翔 | G68: ﾏﾂﾀﾞ ｼｮｳ | H68: 1 | I68: 651-2244 | J68: 兵庫県 | K68: 2027 | L68: 2027 | M68: 46309 | N68: H04 | O68: 2ｱ | P68: 428 | Q68: 消防官コース | R68: 1 | S68: 2 | T68: 公務員 | U68: 1 | V68: 0 | W68: 0 | Z68: O | AB68: 0 | AC68: 0 | AD68: 0 | AE68: 0_未手続 | AG68: 0_未手続 | AJ68: 0 | AL68: 28012 | AM68: 私立 | AN68: 育英 | AO68: 28 | AP68: 兵庫 | AQ68: 0 | AR68: Y | AT68: 現役 | AU68: R以外
A69: 2705750073 | B69: 57 | C69: 11_神戸校 | D69: 57 | E69: 4.神戸校 | F69: 壇 健太朗 | G69: ﾀﾞﾝ ｹﾝﾀﾛｳ | H69: 1 | I69: 654-0102 | J69: 兵庫県 | K69: 2027 | L69: 2027 | M69: 46273 | N69: H04 | O69: 58 | P69: 427 | Q69: 警察官コース | R69: 2 | S69: 2 | T69: 公務員 | U69: 1 | V69: 0 | W69: 0 | Z69: O | AB69: 0 | AC69: 0 | AD69: 0 | AE69: 0_未手続 | AG69: 0_未手続 | AJ69: 0 | AL69: 28121 | AM69: 県立 | AN69: 伊川谷 | AO69: 28 | AP69: 兵庫 | AQ69: 0 | AR69: Y | AT69: 現役 | AU69: R以外
A70: 2705750077 | B70: 57 | C70: 11_神戸校 | D70: 57 | E70: 4.神戸校 | F70: 坂井 七海 | G70: ｻｶｲ ﾅﾅﾐ | H70: 2 | I70: 779-1104 | J70: 徳島県 | K70: 2027 | L70: 2027 | M70: 46277 | N70: H04 | O70: 57 | P70: 1775 | Q70: オフィスビジネス専攻コース | R70: 2 | S70: 3 | T70: ビジネス系 | U70: 4 | V70: 2780028 | W70: 0 | Z70: O | AA70: 46314 | AB70: 27 | AC70: 80028 | AD70: 57 | AE70: 11_神戸校 | AF70: 57 | AG70: 4.神戸校 | AH70: H04 | AI70: 57 | AJ70: 1775 | AL70: 36014 | AM70: 県立 | AN70: 小松島 | AO70: 36 | AP70: 徳島 | AQ70: 0 | AR70: Y | AT70: 現役 | AU70: R以外
A71: 2705750081 | B71: 57 | C71: 11_神戸校 | D71: 57 | E71: 4.神戸校 | F71: 池田 莉彩 | G71: ｲｹﾀﾞ ﾘｱ | H71: 2 | I71: 669-4124 | J71: 兵庫県 | K71: 2027 | L71: 2027 | M71: 46281 | N71: H04 | O71: 2ｱ | P71: 427 | Q71: 警察官コース | R71: 1 | S71: 2 | T71: 公務員 | U71: 1 | V71: 0 | W71: 0 | Z71: O | AB71: 0 | AC71: 0 | AD71: 0 | AE71: 0_未手続 | AG71: 0_未手続 | AJ71: 0 | AK71: K | AL71: 28163 | AM71: 県立 | AN71: 氷上 | AO71: 28 | AP71: 兵庫 | AQ71: 0 | AR71: Y | AT71: 現役 | AU71: R以外
A72: 2705750082 | B72: 57 | C72: 11_神戸校 | D72: 57 | E72: 4.神戸校 | F72: 高垣 瑠心 | G72: ﾀｶｶﾞｷ ﾘｭｳｼﾝ | H72: 1 | I72: 680-0062 | J72: 鳥取県 | K72: 2027 | L72: 2027 | M72: 46295 | N72: H04 | O72: 0ｽ | P72: 1046 | Q72: パーソナルトレーナーコース | R72: 2 | S72: 5 | T72: スポーツ系 | U72: 15 | V72: 0 | W72: 0 | Z72: O | AB72: 0 | AC72: 0 | AD72: 0 | AE72: 0_未手続 | AG72: 0_未手続 | AJ72: 0 | AL72: 31006 | AM72: 私立 | AN72: 鳥取城北 | AO72: 31 | AP72: 鳥取 | AQ72: 0 | AR72: Y | AT72: 現役 | AU72: R以外
A73: 2705750086 | B73: 57 | C73: 11_神戸校 | D73: 57 | E73: 4.神戸校 | F73: 吉田 晴翔 | G73: ﾖｼﾀﾞ ﾊﾙﾄ | H73: 1 | I73: 656-0046 | J73: 兵庫県 | K73: 2027 | L73: 2027 | M73: 46290 | N73: H04 | O73: 58 | P73: 428 | Q73: 消防官コース | R73: 2 | S73: 2 | T73: 公務員 | U73: 1 | V73: 2780029 | W73: 0 | Z73: O | AA73: 46314 | AB73: 27 | AC73: 80029 | AD73: 57 | AE73: 11_神戸校 | AF73: 57 | AG73: 4.神戸校 | AH73: H04 | AI73: 58 | AJ73: 428 | AL73: 28150 | AM73: 県立 | AN73: 洲本実業 | AO73: 28 | AP73: 兵庫 | AQ73: 0 | AR73: Y | AT73: 現役 | AU73: R以外
A74: 2705750088 | B74: 57 | C74: 11_神戸校 | D74: 57 | E74: 4.神戸校 | F74: 水田 莉子 | G74: ﾐｽﾞﾀ ﾘｺ | H74: 2 | I74: 674-0051 | J74: 兵庫県 | K74: 2027 | L74: 2027 | M74: 46270 | N74: H04 | O74: 58 | P74: 427 | Q74: 警察官コース | R74: 2 | S74: 2 | T74: 公務員 | U74: 1 | V74: 2780021 | W74: 0 | Z74: O | AA74: 46310 | AB74: 27 | AC74: 80021 | AD74: 57 | AE74: 11_神戸校 | AF74: 57 | AG74: 4.神戸校 | AH74: H04 | AI74: 58 | AJ74: 427 | AL74: 28025 | AM74: 私立 | AN74: 兵庫大学附属須磨ノ浦 | AO74: 28 | AP74: 兵庫 | AQ74: 0 | AR74: Y | AT74: 現役 | AU74: R以外
A75: 2705750089 | B75: 57 | C75: 11_神戸校 | D75: 57 | E75: 4.神戸校 | F75: 馬渡 心実 | G75: ﾏﾜﾀﾘ ｺｺﾐ | H75: 2 | I75: 654-0013 | J75: 兵庫県 | K75: 2027 | L75: 2027 | M75: 46270 | N75: H04 | O75: 58 | P75: 588 | Q75: レスキュー・災害救助隊員コース | R75: 2 | S75: 2 | T75: 公務員 | U75: 1 | V75: 2780022 | W75: 0 | Z75: O | AA75: 46310 | AB75: 27 | AC75: 80022 | AD75: 57 | AE75: 11_神戸校 | AF75: 57 | AG75: 4.神戸校 | AH75: H04 | AI75: 58 | AJ75: 588 | AL75: 28025 | AM75: 私立 | AN75: 兵庫大学附属須磨ノ浦 | AO75: 28 | AP75: 兵庫 | AQ75: 0 | AR75: Y | AT75: 現役 | AU75: R以外
A76: 2705750090 | B76: 57 | C76: 11_神戸校 | D76: 57 | E76: 4.神戸校 | F76: 井上 璃生 | G76: ｲﾉｳｴ ﾘｭｳ | H76: 1 | I76: 424-0041 | J76: 静岡県 | K76: 2027 | L76: 2027 | M76: 46315 | N76: H04 | O76: 58 | P76: 427 | Q76: 警察官コース | R76: 2 | S76: 2 | T76: 公務員 | U76: 1 | V76: 0 | W76: 0 | Z76: O | AB76: 0 | AC76: 0 | AD76: 0 | AE76: 0_未手続 | AG76: 0_未手続 | AJ76: 0 | AL76: 22998 | AM76: 私立 | AN76: 清水学院高等専修学校（高等課程） | AO76: 22 | AP76: 静岡 | AQ76: 0 | AR76: Y | AT76: 現役 | AU76: R以外
A77: 2705750093 | B77: 57 | C77: 11_神戸校 | D77: 57 | E77: 4.神戸校 | F77: 宮本 雫 | G77: ﾐﾔﾓﾄ ｼｽﾞｸ | H77: 2 | I77: 670-0055 | J77: 兵庫県 | K77: 2027 | L77: 2027 | M77: 46271 | N77: H04 | O77: 2ｱ | P77: 968 | Q77: 市役所・町役場等初級レベル | R77: 1 | S77: 2 | T77: 公務員 | U77: 1 | V77: 0 | W77: 0 | Z77: O | AB77: 0 | AC77: 0 | AD77: 0 | AE77: 0_未手続 | AG77: 0_未手続 | AJ77: 0 | AK77: K | AL77: 28091 | AM77: 私立 | AN77: 姫路女学院 | AO77: 28 | AP77: 兵庫 | AQ77: 0 | AR77: Y | AT77: 現役 | AU77: R以外
A78: 2705750094 | B78: 57 | C78: 11_神戸校 | D78: 57 | E78: 4.神戸校 | F78: 松井 龍士朗 | G78: ﾏﾂｲ ﾘｮｳｼﾞﾛｳ | H78: 1 | I78: 651-1331 | J78: 兵庫県 | K78: 2027 | L78: 2027 | M78: 46317 | N78: H04 | O78: 2ｱ | P78: 428 | Q78: 消防官コース | R78: 1 | S78: 2 | T78: 公務員 | U78: 1 | V78: 0 | W78: 0 | Z78: O | AB78: 0 | AC78: 0 | AD78: 0 | AE78: 0_未手続 | AG78: 0_未手続 | AJ78: 0 | AL78: 28233 | AM78: 市立 | AN78: 科学技術 | AO78: 28 | AP78: 兵庫 | AQ78: 0 | AR78: Y | AT78: 現役 | AU78: R以外
A79: 2705750095 | B79: 57 | C79: 11_神戸校 | D79: 57 | E79: 4.神戸校 | F79: 辻本 哲平 | G79: ﾂｼﾞﾓﾄ ﾃｯﾍﾟｲ | H79: 1 | I79: 674-0056 | J79: 兵庫県 | K79: 2027 | L79: 2027 | M79: 46295 | N79: H04 | O79: 58 | P79: 428 | Q79: 消防官コース | R79: 2 | S79: 2 | T79: 公務員 | U79: 1 | V79: 2780030 | W79: 0 | Z79: O | AA79: 46314 | AB79: 27 | AC79: 80030 | AD79: 57 | AE79: 11_神戸校 | AF79: 57 | AG79: 4.神戸校 | AH79: H04 | AI79: 58 | AJ79: 428 | AL79: 28124 | AM79: 市立 | AN79: 明石商業 | AO79: 28 | AP79: 兵庫 | AQ79: 0 | AR79: Y | AT79: 現役 | AU79: R以外
A80: 2705750096 | B80: 57 | C80: 11_神戸校 | D80: 57 | E80: 4.神戸校 | F80: 本白水 隼斗 | G80: ﾓﾄｼﾛﾐｽﾞ ﾊﾔﾄ | H80: 1 | I80: 651-1111 | J80: 兵庫県 | K80: 2027 | L80: 2027 | M80: 46288 | N80: H04 | O80: 58 | P80: 290 | Q80: 公務員総合コース | R80: 2 | S80: 2 | T80: 公務員 | U80: 1 | V80: 0 | W80: 0 | Z80: O | AB80: 0 | AC80: 0 | AD80: 0 | AE80: 0_未手続 | AG80: 0_未手続 | AJ80: 0 | AK80: K | AL80: 28282 | AM80: 市立 | AN80: 神港橘 | AO80: 28 | AP80: 兵庫 | AQ80: 0 | AR80: Y | AT80: 現役 | AU80: R以外
A81: 2705750097 | B81: 57 | C81: 11_神戸校 | D81: 57 | E81: 4.神戸校 | F81: 稲谷 優希 | G81: ｲﾅﾀﾆ ﾕｳｷ | H81: 2 | I81: 656-0031 | J81: 兵庫県 | K81: 2027 | L81: 2027 | M81: 46299 | N81: H04 | O81: 58 | P81: 856 | Q81: 国家公務員初級レベルコース | R81: 2 | S81: 2 | T81: 公務員 | U81: 1 | V81: 0 | W81: 0 | Z81: O | AB81: 0 | AC81: 0 | AD81: 0 | AE81: 0_未手続 | AG81: 0_未手続 | AJ81: 0 | AK81: Y | AL81: 28145 | AM81: 県立 | AN81: 洲本 | AO81: 28 | AP81: 兵庫 | AQ81: 0 | AR81: Y | AT81: 現役 | AU81: R以外
A82: 2705750100 | B82: 57 | C82: 11_神戸校 | D82: 57 | E82: 4.神戸校 | F82: 神原 菜月 | G82: ｶﾝﾊﾞﾗ ﾅﾂｷ | H82: 2 | I82: 651-2120 | J82: 兵庫県 | K82: 2027 | L82: 2027 | M82: 46283 | N82: H04 | O82: 57 | P82: 1775 | Q82: オフィスビジネス専攻コース | R82: 2 | S82: 3 | T82: ビジネス系 | U82: 4 | V82: 2780013 | W82: 0 | Z82: O | AA82: 46309 | AB82: 27 | AC82: 80013 | AD82: 57 | AE82: 11_神戸校 | AF82: 57 | AG82: 4.神戸校 | AH82: H04 | AI82: 57 | AJ82: 1775 | AL82: 28116 | AM82: 県立 | AN82: 明石 | AO82: 28 | AP82: 兵庫 | AQ82: 0 | AR82: Y | AT82: 現役 | AU82: R以外
A83: 2705750101 | B83: 57 | C83: 11_神戸校 | D83: 57 | E83: 4.神戸校 | F83: 吉原 晃大 | G83: ﾖｼﾊﾗ ｺｳﾀ | H83: 1 | I83: 654-0112 | J83: 兵庫県 | K83: 2027 | L83: 2027 | M83: 46277 | N83: H04 | O83: 58 | P83: 427 | Q83: 警察官コース | R83: 2 | S83: 2 | T83: 公務員 | U83: 1 | V83: 0 | W83: 0 | Z83: O | AB83: 0 | AC83: 0 | AD83: 0 | AE83: 0_未手続 | AG83: 0_未手続 | AJ83: 0 | AK83: Y | AL83: 28121 | AM83: 県立 | AN83: 伊川谷 | AO83: 28 | AP83: 兵庫 | AQ83: 0 | AR83: Y | AT83: 現役 | AU83: R以外
A84: 2705750103 | B84: 57 | C84: 11_神戸校 | D84: 57 | E84: 4.神戸校 | F84: 川野 夢桃 | G84: ｶﾜﾉ ﾒﾙﾓ | H84: 2 | I84: 675-0002 | J84: 兵庫県 | K84: 2027 | L84: 2027 | M84: 46304 | N84: H04 | O84: 2ｱ | P84: 427 | Q84: 警察官コース | R84: 1 | S84: 2 | T84: 公務員 | U84: 1 | V84: 0 | W84: 0 | Z84: O | AB84: 0 | AC84: 0 | AD84: 0 | AE84: 0_未手続 | AG84: 0_未手続 | AJ84: 0 | AK84: K | AL84: 28018 | AM84: 私立 | AN84: 神戸野田 | AO84: 28 | AP84: 兵庫 | AQ84: 0 | AR84: Y | AT84: 現役 | AU84: R以外
A85: 2705750106 | B85: 57 | C85: 11_神戸校 | D85: 57 | E85: 4.神戸校 | F85: 田中 夢菜 | G85: ﾀﾅｶ ﾕﾅ | H85: 2 | I85: 675-1378 | J85: 兵庫県 | K85: 2027 | L85: 2027 | M85: 46304 | N85: H04 | O85: 0ｽ | P85: 502 | Q85: スポーツトレーナーコース | R85: 2 | S85: 5 | T85: スポーツ系 | U85: 15 | V85: 0 | W85: 0 | Z85: O | AB85: 0 | AC85: 0 | AD85: 0 | AE85: 0_未手続 | AG85: 0_未手続 | AJ85: 0 | AL85: 28137 | AM85: 県立 | AN85: 社 | AO85: 28 | AP85: 兵庫 | AQ85: 0 | AR85: Y | AT85: 現役 | AU85: R以外
A86: 2705750107 | B86: 57 | C86: 11_神戸校 | D86: 57 | E86: 4.神戸校 | F86: 岡本 明日馬 | G86: ｵｶﾓﾄ ｱｽﾏ | H86: 1 | I86: 651-2124 | J86: 兵庫県 | K86: 2027 | L86: 2027 | M86: 46316 | N86: H04 | O86: 2ｱ | P86: 428 | Q86: 消防官コース | R86: 1 | S86: 2 | T86: 公務員 | U86: 1 | V86: 0 | W86: 0 | Z86: O | AB86: 0 | AC86: 0 | AD86: 0 | AE86: 0_未手続 | AG86: 0_未手続 | AJ86: 0 | AK86: K | AL86: 28116 | AM86: 県立 | AN86: 明石 | AO86: 28 | AP86: 兵庫 | AQ86: 0 | AR86: Y | AT86: 現役 | AU86: R以外
A87: 2705750111 | B87: 57 | C87: 11_神戸校 | D87: 57 | E87: 4.神戸校 | F87: 木村 ひなた | G87: ｷﾑﾗ ﾋﾅﾀ | H87: 2 | I87: 656-0046 | J87: 兵庫県 | K87: 2027 | L87: 2027 | M87: 46316 | N87: H04 | O87: 57 | P87: 1756 | Q87: マーケティングビジネス専攻 | R87: 2 | S87: 3 | T87: ビジネス系 | U87: 4 | V87: 0 | W87: 0 | Z87: O | AB87: 0 | AC87: 0 | AD87: 0 | AE87: 0_未手続 | AG87: 0_未手続 | AJ87: 0 | AL87: 28150 | AM87: 県立 | AN87: 洲本実業 | AO87: 28 | AP87: 兵庫 | AQ87: 0 | AR87: Y | AT87: 現役 | AU87: R以外
A88: 2705750112 | B88: 57 | C88: 11_神戸校 | D88: 57 | E88: 4.神戸校 | F88: 西川 風雅 | G88: ﾆｼｶﾜ ﾌｳｶﾞ | H88: 1 | I88: 675-0023 | J88: 兵庫県 | K88: 2027 | L88: 2027 | M88: 46298 | N88: H04 | O88: 57 | P88: 645 | Q88: 独立経営専攻コース | R88: 2 | S88: 3 | T88: ビジネス系 | U88: 4 | V88: 2780036 | W88: 0 | Z88: O | AA88: 46317 | AB88: 27 | AC88: 80036 | AD88: 57 | AE88: 11_神戸校 | AF88: 57 | AG88: 4.神戸校 | AH88: H04 | AI88: 57 | AJ88: 645 | AL88: 28103 | AM88: 県立 | AN88: 高砂 | AO88: 28 | AP88: 兵庫 | AQ88: 0 | AR88: Y | AT88: 現役 | AU88: R以外
A89: 2705750113 | B89: 57 | C89: 11_神戸校 | D89: 57 | E89: 4.神戸校 | F89: 藤田 瑞稀 | G89: ﾌｼﾞﾀ ﾐｽﾞｷ | H89: 2 | I89: 651-1313 | J89: 兵庫県 | K89: 2027 | L89: 2027 | M89: 46280 | N89: H04 | O89: 57 | P89: 1044 | Q89: 事務・経理職専攻コース | R89: 2 | S89: 3 | T89: ビジネス系 | U89: 4 | V89: 0 | W89: 0 | Z89: O | AB89: 0 | AC89: 0 | AD89: 0 | AE89: 0_未手続 | AG89: 0_未手続 | AJ89: 0 | AL89: 28002 | AM89: 県立 | AN89: 有馬 | AO89: 28 | AP89: 兵庫 | AQ89: 0 | AR89: Y | AT89: 現役 | AU89: R以外
A90: 2705750119 | B90: 57 | C90: 11_神戸校 | D90: 57 | E90: 4.神戸校 | F90: 齋藤 遥斗 | G90: ｻｲﾄｳ ﾊﾙﾄ | H90: 1 | I90: 771-1271 | J90: 徳島県 | K90: 2027 | L90: 2027 | M90: 46284 | N90: H04 | O90: 58 | P90: 428 | Q90: 消防官コース | R90: 2 | S90: 2 | T90: 公務員 | U90: 1 | V90: 0 | W90: 0 | Z90: O | AB90: 0 | AC90: 0 | AD90: 0 | AE90: 0_未手続 | AG90: 0_未手続 | AJ90: 0 | AL90: 36037 | AM90: 県立 | AN90: 鳴門 | AO90: 36 | AP90: 徳島 | AQ90: 0 | AR90: Y | AT90: 現役 | AU90: R以外
A91: 2705750120 | B91: 57 | C91: 11_神戸校 | D91: 57 | E91: 4.神戸校 | F91: 中岡 颯大 | G91: ﾅｶｵｶ ｿｳﾀﾞｲ | H91: 1 | I91: 675-0023 | J91: 兵庫県 | K91: 2027 | L91: 2027 | M91: 46298 | N91: H04 | O91: 57 | P91: 645 | Q91: 独立経営専攻コース | R91: 2 | S91: 3 | T91: ビジネス系 | U91: 4 | V91: 2780040 | W91: 0 | Z91: O | AA91: 46322 | AB91: 27 | AC91: 80040 | AD91: 57 | AE91: 11_神戸校 | AF91: 57 | AG91: 4.神戸校 | AH91: H04 | AI91: 57 | AJ91: 645 | AL91: 28103 | AM91: 県立 | AN91: 高砂 | AO91: 28 | AP91: 兵庫 | AQ91: 0 | AR91: Y | AT91: 現役 | AU91: R以外
A92: 2705750123 | B92: 57 | C92: 11_神戸校 | D92: 57 | E92: 4.神戸校 | F92: 井関 浩雅 | G92: ｲｾｷ ｺｳｶﾞ | H92: 1 | I92: 797-0026 | J92: 愛媛県 | K92: 2027 | L92: 2027 | M92: 46283 | N92: H04 | O92: 58 | P92: 428 | Q92: 消防官コース | R92: 2 | S92: 2 | T92: 公務員 | U92: 1 | V92: 2780011 | W92: 0 | Z92: O | AA92: 46308 | AB92: 27 | AC92: 80011 | AD92: 57 | AE92: 11_神戸校 | AF92: 57 | AG92: 4.神戸校 | AH92: H04 | AI92: 58 | AJ92: 428 | AL92: 38037 | AM92: 県立 | AN92: 宇和 | AO92: 38 | AP92: 愛媛 | AQ92: 0 | AR92: Y | AT92: 現役 | AU92: R以外
A93: 2705750126 | B93: 57 | C93: 11_神戸校 | D93: 57 | E93: 4.神戸校 | F93: 谷垣 尚廷 | G93: ﾀﾆｶﾞｷ ﾅｵﾀｶ | H93: 1 | I93: 669-6214 | J93: 兵庫県 | K93: 2027 | L93: 2027 | M93: 46298 | N93: H04 | O93: 0ｽ | P93: 502 | Q93: スポーツトレーナーコース | R93: 2 | S93: 5 | T93: スポーツ系 | U93: 15 | V93: 0 | W93: 0 | Z93: O | AB93: 0 | AC93: 0 | AD93: 0 | AE93: 0_未手続 | AG93: 0_未手続 | AJ93: 0 | AL93: 28127 | AM93: 県立 | AN93: 香住 | AO93: 28 | AP93: 兵庫 | AQ93: 0 | AR93: Y | AT93: 現役 | AU93: R以外
A94: 2705750127 | B94: 57 | C94: 11_神戸校 | D94: 57 | E94: 4.神戸校 | F94: 稲垣 満希 | G94: ｲﾅｶﾞｷ ﾐﾂｷ | H94: 1 | I94: 655-0852 | J94: 兵庫県 | K94: 2027 | L94: 2027 | M94: 46270 | N94: H04 | O94: 6 | P94: 488 | Q94: 公認会計士スタンダードコース | R94: 2 | S94: 1 | T94: 税理士会計士系 | U94: 3 | V94: 0 | W94: 0 | Z94: O | AB94: 0 | AC94: 0 | AD94: 0 | AE94: 0_未手続 | AG94: 0_未手続 | AJ94: 0 | AK94: Y | AL94: 28030 | AM94: 県立 | AN94: 神戸商業 | AO94: 28 | AP94: 兵庫 | AQ94: 0 | AR94: Y | AT94: 現役 | AU94: R以外
A95: 2705750130 | B95: 57 | C95: 11_神戸校 | D95: 57 | E95: 4.神戸校 | F95: 酒井 嘉乃 | G95: ｻｶｲ ﾖｼﾉ | H95: 2 | I95: 654-0067 | J95: 兵庫県 | K95: 0 | L95: 2027 | M95: 46290 | N95: H04 | O95: 0ｼ | P95: 121 | Q95: 医療事務コース | R95: 2 | S95: 8 | T95: 医療事務系 | U95: 6 | V95: 2780027 | W95: 0 | Z95: O | AA95: 46314 | AB95: 27 | AC95: 80027 | AD95: 57 | AE95: 11_神戸校 | AF95: 57 | AG95: 4.神戸校 | AH95: H04 | AI95: 0ｼ | AJ95: 121 | AL95: 28026 | AM95: 私立 | AN95: 須磨学園 | AO95: 28 | AP95: 兵庫 | AQ95: 0 | AR95: Y | AT95: 現役以外 | AU95: R以外
A96: 2705750132 | B96: 57 | C96: 11_神戸校 | D96: 57 | E96: 4.神戸校 | F96: 丸山 麗琥 | G96: ﾏﾙﾔﾏ ﾘｸ | H96: 1 | I96: 673-1312 | J96: 兵庫県 | K96: 2027 | L96: 2027 | M96: 46284 | N96: H04 | O96: 58 | P96: 428 | Q96: 消防官コース | R96: 2 | S96: 2 | T96: 公務員 | U96: 1 | V96: 0 | W96: 0 | Z96: O | AB96: 0 | AC96: 0 | AD96: 0 | AE96: 0_未手続 | AG96: 0_未手続 | AJ96: 0 | AK96: K | AL96: 30008 | AM96: 県立 | AN96: 和歌山東 | AO96: 30 | AP96: 和歌山 | AQ96: 0 | AR96: Y | AT96: 現役 | AU96: R以外
A97: 2705750133 | B97: 57 | C97: 11_神戸校 | D97: 57 | E97: 4.神戸校 | F97: 岡村 陽磨 | G97: ｵｶﾑﾗ ﾊﾙﾏ | H97: 1 | I97: 661-0033 | J97: 兵庫県 | K97: 2027 | L97: 2027 | M97: 46322 | N97: H04 | O97: 58 | P97: 428 | Q97: 消防官コース | R97: 2 | S97: 2 | T97: 公務員 | U97: 1 | V97: 0 | W97: 0 | Z97: O | AB97: 0 | AC97: 0 | AD97: 0 | AE97: 0_未手続 | AG97: 0_未手続 | AJ97: 0 | AL97: 28051 | AM97: 県立 | AN97: 尼崎西 | AO97: 28 | AP97: 兵庫 | AQ97: 0 | AT97: 現役 | AU97: R以外
A98: 2705750134 | B98: 57 | C98: 11_神戸校 | D98: 57 | E98: 4.神戸校 | F98: 吉岡 南翔 | G98: ﾖｼｵｶ ﾐﾅﾄ | H98: 1 | I98: 669-6201 | J98: 兵庫県 | K98: 2027 | L98: 2027 | M98: 46294 | N98: H04 | O98: 0ｽ | P98: 502 | Q98: スポーツトレーナーコース | R98: 2 | S98: 5 | T98: スポーツ系 | U98: 15 | V98: 0 | W98: 0 | Z98: O | AB98: 0 | AC98: 0 | AD98: 0 | AE98: 0_未手続 | AG98: 0_未手続 | AJ98: 0 | AL98: 28231 | AM98: 県立 | AN98: 豊岡総合 | AO98: 28 | AP98: 兵庫 | AQ98: 0 | AR98: Y | AT98: 現役 | AU98: R以外
A99: 2705750136 | B99: 57 | C99: 11_神戸校 | D99: 57 | E99: 4.神戸校 | F99: 中間 裕登 | G99: ﾅｶﾏ ﾕｳﾄ | H99: 1 | I99: 662-0098 | J99: 兵庫県 | K99: 2027 | L99: 2027 | M99: 46302 | N99: H04 | O99: 6 | P99: 488 | Q99: 公認会計士スタンダードコース | R99: 2 | S99: 1 | T99: 税理士会計士系 | U99: 3 | V99: 0 | W99: 0 | Z99: O | AB99: 0 | AC99: 0 | AD99: 0 | AE99: 0_未手続 | AG99: 0_未手続 | AJ99: 0 | AL99: 27373 | AM99: 私立 | AN99: ルネサンス大阪（通信制） | AO99: 27 | AP99: 大阪 | AQ99: 0 | AR99: Y | AT99: 現役 | AU99: R以外
A100: 2705750137 | B100: 57 | C100: 11_神戸校 | D100: 57 | E100: 4.神戸校 | F100: 北浦 夢大 | G100: ｷﾀｳﾗ ﾕｳﾀ | H100: 1 | I100: 680-0902 | J100: 鳥取県 | K100: 2027 | L100: 2027 | M100: 46322 | N100: H04 | O100: 58 | P100: 427 | Q100: 警察官コース | R100: 2 | S100: 2 | T100: 公務員 | U100: 1 | V100: 0 | W100: 0 | Z100: O | AB100: 0 | AC100: 0 | AD100: 0 | AE100: 0_未手続 | AG100: 0_未手続 | AJ100: 0 | AK100: Y | AL100: 31002 | AM100: 県立 | AN100: 鳥取西 | AO100: 31 | AP100: 鳥取 | AQ100: 0 | AT100: 現役 | AU100: R以外
...

Sheet 昨年比
A1: 出願＆手続き完了者集計（留学生含む） | G1: =日付設定!$B$1 -> 46534
A3: １．総計
B4: 神戸校 | E4: 姫路校
B5: 出願 | C5: 辞退者 | D5: 完了者 | E5: 出願 | F5: 辞退者 | G5: 完了者
A6: 2027 | B6: =COUNTIFS(INDIRECT($A6&"年度出願!$M:$M"),"<="&日付設定!$B1,INDIRECT($A6&"年度出願!$E:$E"),日付設定!$E$2,INDIRECT($A6&"年度出願!$T:$T"),"<>"&日付設定!$F$8&"*") -> 119 | C6: =COUNTIFS(INDIRECT($A6&"年度出願!$Y:$Y"),"<="&日付設定!$B1,INDIRECT($A6&"年度出願!$E:$E"),日付設定!$E$2,INDIRECT($A6&"年度出願!$T:$T"),"<>"&日付設定!$F$8&"*",INDIRECT($A6&"年度出願!$Y:$Y"),"<>"&"") +COUNTIFS(INDIRECT($A6&"年度出願!$M:$M"),"<="&日付設定!$B1,INDIRECT($A6&"年度出願!$E:$E"),日付設定!$E$2,INDIRECT($A6&"年度出願!$T:$T"),"<>"&日付設定!$F$8&"*",INDIRECT($A6&"年度出願!$Y:$Y"),"",INDIRECT($A6&"年度出願!$AR:$AR"),"N") +COUNTIFS(INDIRECT($A6&"年度出願!$M:$M"),"<="&日付設定!$B1,INDIRECT($A6&"年度出願!$E:$E"),日付設定!$E$2,INDIRECT($A6&"年度出願!$T:$T"),"<>"&日付設定!$F$8&"*",INDIRECT($A6&"年度出願!$Y:$Y"),"",INDIRECT($A6&"年度出願!$AR:$AR"),"S",INDIRECT($A6&"年度出願!$AS:$AS"),"N") +COUNTIFS(INDIRECT($A6&"年度出願!$AA:$AA"),"<="&日付設定!$B1,INDIRECT($A6&"年度出願!$E:$E"),日付設定!$E$2,INDIRECT($A6&"年度出願!$T:$T"),"<>"&日付設定!$F$8&"*",INDIRECT($A6&"年度出願!$AG:$AG"),"<>"&日付設定!$E$2) +COUNTIFS(INDIRECT($A6&"年度出願!$M:$M"),"<="&日付設定!$B1,INDIRECT($A6&"年度出願!$E:$E"),日付設定!$E$2,INDIRECT($A6&"年度出願!$T:$T"),"<>"&日付設定!$F$8&"*",INDIRECT($A6&"年度出願!$Y:$Y"),"",INDIRECT($A6&"年度出願!$AR:$AR"),"",INDIRECT($A6&"年度出願!$A:$A"),日付設定!$M$2) -> 1 | D6: =COUNTIFS(INDIRECT($A6&"年度出願!$AA:$AA"),"<="&日付設定!$B1,INDIRECT($A6&"年度出願!$AG:$AG"),日付設定!$E$2,INDIRECT($A6&"年度出願!$T:$T"),"<>"&日付設定!$F$8&"*") -> 40 | E6: =COUNTIFS(INDIRECT($A6&"年度出願!$M:$M"),"<="&日付設定!$B1,INDIRECT($A6&"年度出願!$E:$E"),日付設定!$E$3,INDIRECT($A6&"年度出願!$T:$T"),"<>"&日付設定!$F$8&"*") -> 116 | F6: =COUNTIFS(INDIRECT($A6&"年度出願!$Y:$Y"),"<="&日付設定!$B1,INDIRECT($A6&"年度出願!$E:$E"),日付設定!$E$3,INDIRECT($A6&"年度出願!$T:$T"),"<>"&日付設定!$F$8&"*",INDIRECT($A6&"年度出願!$Y:$Y"),"<>"&"") +COUNTIFS(INDIRECT($A6&"年度出願!$M:$M"),"<="&日付設定!$B1,INDIRECT($A6&"年度出願!$E:$E"),日付設定!$E$3,INDIRECT($A6&"年度出願!$T:$T"),"<>"&日付設定!$F$8&"*",INDIRECT($A6&"年度出願!$Y:$Y"),"",INDIRECT($A6&"年度出願!$AR:$AR"),"N") +COUNTIFS(INDIRECT($A6&"年度出願!$M:$M"),"<="&日付設定!$B1,INDIRECT($A6&"年度出願!$E:$E"),日付設定!$E$3,INDIRECT($A6&"年度出願!$T:$T"),"<>"&日付設定!$F$8&"*",INDIRECT($A6&"年度出願!$Y:$Y"),"",INDIRECT($A6&"年度出願!$AR:$AR"),"S",INDIRECT($A6&"年度出願!$AS:$AS"),"N") +COUNTIFS(INDIRECT($A6&"年度出願!$AA:$AA"),"<="&日付設定!$B1,INDIRECT($A6&"年度出願!$E:$E"),日付設定!$E$3,INDIRECT($A6&"年度出願!$T:$T"),"<>"&日付設定!$F$8&"*",INDIRECT($A6&"年度出願!$AG:$AG"),"<>"&日付設定!$E$3) +COUNTIFS(INDIRECT($A6&"年度出願!$M:$M"),"<="&日付設定!$B1,INDIRECT($A6&"年度出願!$E:$E"),日付設定!$E$3,INDIRECT($A6&"年度出願!$T:$T"),"<>"&日付設定!$F$8&"*",INDIRECT($A6&"年度出願!$Y:$Y"),"",INDIRECT($A6&"年度出願!$AR:$AR"),"",INDIRECT($A6&"年度出願!$A:$A"),日付設定!$M$2) -> 0 | G6: =COUNTIFS(INDIRECT($A6&"年度出願!$AA:$AA"),"<="&日付設定!$B1,INDIRECT($A6&"年度出願!$AG:$AG"),日付設定!$E$3,INDIRECT($A6&"年度出願!$T:$T"),"<>"&日付設定!$F$8&"*") -> 38
A7: 2026 | B7: =COUNTIFS(INDIRECT($A7&"年度出願!$M:$M"),"<="&日付設定!$B2,INDIRECT($A7&"年度出願!$E:$E"),日付設定!$E$2,INDIRECT($A7&"年度出願!$T:$T"),"<>"&日付設定!$F$8&"*") -> 240 | C7: =COUNTIFS(INDIRECT($A7&"年度出願!$Y:$Y"),"<="&日付設定!$B2,INDIRECT($A7&"年度出願!$E:$E"),日付設定!$E$2,INDIRECT($A7&"年度出願!$T:$T"),"<>"&日付設定!$F$8&"*",INDIRECT($A7&"年度出願!$Y:$Y"),"<>"&"") +COUNTIFS(INDIRECT($A7&"年度出願!$M:$M"),"<="&日付設定!$B2,INDIRECT($A7&"年度出願!$E:$E"),日付設定!$E$2,INDIRECT($A7&"年度出願!$T:$T"),"<>"&日付設定!$F$8&"*",INDIRECT($A7&"年度出願!$Y:$Y"),"",INDIRECT($A7&"年度出願!$AR:$AR"),"N") +COUNTIFS(INDIRECT($A7&"年度出願!$M:$M"),"<="&日付設定!$B2,INDIRECT($A7&"年度出願!$E:$E"),日付設定!$E$2,INDIRECT($A7&"年度出願!$T:$T"),"<>"&日付設定!$F$8&"*",INDIRECT($A7&"年度出願!$Y:$Y"),"",INDIRECT($A7&"年度出願!$AR:$AR"),"S",INDIRECT($A7&"年度出願!$AS:$AS"),"N") +COUNTIFS(INDIRECT($A7&"年度出願!$AA:$AA"),"<="&日付設定!$B2,INDIRECT($A7&"年度出願!$E:$E"),日付設定!$E$2,INDIRECT($A7&"年度出願!$T:$T"),"<>"&日付設定!$F$8&"*",INDIRECT($A7&"年度出願!$AG:$AG"),"<>"&日付設定!$E$2) +COUNTIFS(INDIRECT($A7&"年度出願!$M:$M"),"<="&日付設定!$B2,INDIRECT($A7&"年度出願!$E:$E"),日付設定!$E$2,INDIRECT($A7&"年度出願!$T:$T"),"<>"&日付設定!$F$8&"*",INDIRECT($A7&"年度出願!$Y:$Y"),"",INDIRECT($A7&"年度出願!$AR:$AR"),"",INDIRECT($A7&"年度出願!$A:$A"),日付設定!$M$2) -> 64 | D7: =COUNTIFS(INDIRECT($A7&"年度出願!$AA:$AA"),"<="&日付設定!$B2,INDIRECT($A7&"年度出願!$AG:$AG"),日付設定!$E$2,INDIRECT($A7&"年度出願!$T:$T"),"<>"&日付設定!$F$8&"*") -> 139 | E7: =COUNTIFS(INDIRECT($A7&"年度出願!$M:$M"),"<="&日付設定!$B2,INDIRECT($A7&"年度出願!$E:$E"),日付設定!$E$3,INDIRECT($A7&"年度出願!$T:$T"),"<>"&日付設定!$F$8&"*") -> 135 | F7: =COUNTIFS(INDIRECT($A7&"年度出願!$Y:$Y"),"<="&日付設定!$B2,INDIRECT($A7&"年度出願!$E:$E"),日付設定!$E$3,INDIRECT($A7&"年度出願!$T:$T"),"<>"&日付設定!$F$8&"*",INDIRECT($A7&"年度出願!$Y:$Y"),"<>"&"") +COUNTIFS(INDIRECT($A7&"年度出願!$M:$M"),"<="&日付設定!$B2,INDIRECT($A7&"年度出願!$E:$E"),日付設定!$E$3,INDIRECT($A7&"年度出願!$T:$T"),"<>"&日付設定!$F$8&"*",INDIRECT($A7&"年度出願!$Y:$Y"),"",INDIRECT($A7&"年度出願!$AR:$AR"),"N") +COUNTIFS(INDIRECT($A7&"年度出願!$M:$M"),"<="&日付設定!$B2,INDIRECT($A7&"年度出願!$E:$E"),日付設定!$E$3,INDIRECT($A7&"年度出願!$T:$T"),"<>"&日付設定!$F$8&"*",INDIRECT($A7&"年度出願!$Y:$Y"),"",INDIRECT($A7&"年度出願!$AR:$AR"),"S",INDIRECT($A7&"年度出願!$AS:$AS"),"N") +COUNTIFS(INDIRECT($A7&"年度出願!$AA:$AA"),"<="&日付設定!$B2,INDIRECT($A7&"年度出願!$E:$E"),日付設定!$E$3,INDIRECT($A7&"年度出願!$T:$T"),"<>"&日付設定!$F$8&"*",INDIRECT($A7&"年度出願!$AG:$AG"),"<>"&日付設定!$E$3) +COUNTIFS(INDIRECT($A7&"年度出願!$M:$M"),"<="&日付設定!$B2,INDIRECT($A7&"年度出願!$E:$E"),日付設定!$E$3,INDIRECT($A7&"年度出願!$T:$T"),"<>"&日付設定!$F$8&"*",INDIRECT($A7&"年度出願!$Y:$Y"),"",INDIRECT($A7&"年度出願!$AR:$AR"),"",INDIRECT($A7&"年度出願!$A:$A"),日付設定!$M$2) -> 23 | G7: =COUNTIFS(INDIRECT($A7&"年度出願!$AA:$AA"),"<="&日付設定!$B2,INDIRECT($A7&"年度出願!$AG:$AG"),日付設定!$E$3,INDIRECT($A7&"年度出願!$T:$T"),"<>"&日付設定!$F$8&"*") -> 93
A8: 2025 | B8: =COUNTIFS(INDIRECT($A8&"年度出願!$M:$M"),"<="&日付設定!$B3,INDIRECT($A8&"年度出願!$E:$E"),日付設定!$E$2,INDIRECT($A8&"年度出願!$T:$T"),"<>"&日付設定!$F$8&"*") -> 205 | C8: =COUNTIFS(INDIRECT($A8&"年度出願!$Y:$Y"),"<="&日付設定!$B3,INDIRECT($A8&"年度出願!$E:$E"),日付設定!$E$2,INDIRECT($A8&"年度出願!$T:$T"),"<>"&日付設定!$F$8&"*",INDIRECT($A8&"年度出願!$Y:$Y"),"<>"&"") +COUNTIFS(INDIRECT($A8&"年度出願!$M:$M"),"<="&日付設定!$B3,INDIRECT($A8&"年度出願!$E:$E"),日付設定!$E$2,INDIRECT($A8&"年度出願!$T:$T"),"<>"&日付設定!$F$8&"*",INDIRECT($A8&"年度出願!$Y:$Y"),"",INDIRECT($A8&"年度出願!$AR:$AR"),"N") +COUNTIFS(INDIRECT($A8&"年度出願!$M:$M"),"<="&日付設定!$B3,INDIRECT($A8&"年度出願!$E:$E"),日付設定!$E$2,INDIRECT($A8&"年度出願!$T:$T"),"<>"&日付設定!$F$8&"*",INDIRECT($A8&"年度出願!$Y:$Y"),"",INDIRECT($A8&"年度出願!$AR:$AR"),"S",INDIRECT($A8&"年度出願!$AS:$AS"),"N") +COUNTIFS(INDIRECT($A8&"年度出願!$AA:$AA"),"<="&日付設定!$B3,INDIRECT($A8&"年度出願!$E:$E"),日付設定!$E$2,INDIRECT($A8&"年度出願!$T:$T"),"<>"&日付設定!$F$8&"*",INDIRECT($A8&"年度出願!$AG:$AG"),"<>"&日付設定!$E$2) +COUNTIFS(INDIRECT($A8&"年度出願!$M:$M"),"<="&日付設定!$B3,INDIRECT($A8&"年度出願!$E:$E"),日付設定!$E$2,INDIRECT($A8&"年度出願!$T:$T"),"<>"&日付設定!$F$8&"*",INDIRECT($A8&"年度出願!$Y:$Y"),"",INDIRECT($A8&"年度出願!$AR:$AR"),"",INDIRECT($A8&"年度出願!$A:$A"),日付設定!$M$2) -> 30 | D8: =COUNTIFS(INDIRECT($A8&"年度出願!$AA:$AA"),"<="&日付設定!$B3,INDIRECT($A8&"年度出願!$AG:$AG"),日付設定!$E$2,INDIRECT($A8&"年度出願!$T:$T"),"<>"&日付設定!$F$8&"*") -> 175 | E8: =COUNTIFS(INDIRECT($A8&"年度出願!$M:$M"),"<="&日付設定!$B3,INDIRECT($A8&"年度出願!$E:$E"),日付設定!$E$3,INDIRECT($A8&"年度出願!$T:$T"),"<>"&日付設定!$F$8&"*") -> 204 | F8: =COUNTIFS(INDIRECT($A8&"年度出願!$Y:$Y"),"<="&日付設定!$B3,INDIRECT($A8&"年度出願!$E:$E"),日付設定!$E$3,INDIRECT($A8&"年度出願!$T:$T"),"<>"&日付設定!$F$8&"*",INDIRECT($A8&"年度出願!$Y:$Y"),"<>"&"") +COUNTIFS(INDIRECT($A8&"年度出願!$M:$M"),"<="&日付設定!$B3,INDIRECT($A8&"年度出願!$E:$E"),日付設定!$E$3,INDIRECT($A8&"年度出願!$T:$T"),"<>"&日付設定!$F$8&"*",INDIRECT($A8&"年度出願!$Y:$Y"),"",INDIRECT($A8&"年度出願!$AR:$AR"),"N") +COUNTIFS(INDIRECT($A8&"年度出願!$M:$M"),"<="&日付設定!$B3,INDIRECT($A8&"年度出願!$E:$E"),日付設定!$E$3,INDIRECT($A8&"年度出願!$T:$T"),"<>"&日付設定!$F$8&"*",INDIRECT($A8&"年度出願!$Y:$Y"),"",INDIRECT($A8&"年度出願!$AR:$AR"),"S",INDIRECT($A8&"年度出願!$AS:$AS"),"N") +COUNTIFS(INDIRECT($A8&"年度出願!$AA:$AA"),"<="&日付設定!$B3,INDIRECT($A8&"年度出願!$E:$E"),日付設定!$E$3,INDIRECT($A8&"年度出願!$T:$T"),"<>"&日付設定!$F$8&"*",INDIRECT($A8&"年度出願!$AG:$AG"),"<>"&日付設定!$E$3) +COUNTIFS(INDIRECT($A8&"年度出願!$M:$M"),"<="&日付設定!$B3,INDIRECT($A8&"年度出願!$E:$E"),日付設定!$E$3,INDIRECT($A8&"年度出願!$T:$T"),"<>"&日付設定!$F$8&"*",INDIRECT($A8&"年度出願!$Y:$Y"),"",INDIRECT($A8&"年度出願!$AR:$AR"),"",INDIRECT($A8&"年度出願!$A:$A"),日付設定!$M$2) -> 26 | G8: =COUNTIFS(INDIRECT($A8&"年度出願!$AA:$AA"),"<="&日付設定!$B3,INDIRECT($A8&"年度出願!$AG:$AG"),日付設定!$E$3,INDIRECT($A8&"年度出願!$T:$T"),"<>"&日付設定!$F$8&"*") -> 178
A9: 昨年比 | B9: =B6-B7 -> -121 | C9: =C6-C7 -> -63 | D9: =D6-D7 -> -99 | E9: =E6-E7 -> -19 | F9: =F6-F7 -> -23 | G9: =G6-G7 -> -55
A10: 昨年比 | B10: =B6-B8 -> -86 | C10: =C6-C8 -> -29 | D10: =D6-D8 -> -135 | E10: =E6-E8 -> -88 | F10: =F6-F8 -> -26 | G10: =G6-G8 -> -140
A13: ２．コース別集計
C14: 公務員2年制 | F14: 公務員1年制 | I14: ビジネス系 | L14: 税理士会計士系 | O14: 情報3年制 | R14: 情報2年制 | U14: ゲーム系 | X14: スポーツ系 | AA14: 医療事務系 | AD14: 保育系 | AG14: 留学生 | AJ14: 合計
C15: 出願 | D15: 辞退者 | E15: 完了者 | F15: 出願 | G15: 辞退者 | H15: 完了者 | I15: 出願 | J15: 辞退者 | K15: 完了者 | L15: 出願 | M15: 辞退者 | N15: 完了者 | O15: 出願 | P15: 辞退者 | Q15: 完了者 | R15: 出願 | S15: 辞退者 | T15: 完了者 | U15: 出願 | V15: 辞退者 | W15: 完了者 | X15: 出願 | Y15: 辞退者 | Z15: 完了者 | AA15: 出願 | AB15: 辞退者 | AC15: 完了者 | AD15: 出願 | AE15: 辞退者 | AF15: 完了者 | AG15: 出願 | AH15: 辞退者 | AI15: 完了者 | AJ15: 出願 | AK15: 辞退者 | AL15: 完了者
A16: 神戸校 | B16: 2027 | C16: =COUNTIFS(INDIRECT($B16&"年度出願!$M:$M"),"<="&日付設定!$B1,INDIRECT($B16&"年度出願!$E:$E"),日付設定!$E$2,INDIRECT($B16&"年度出願!$T:$T"),日付設定!$F$4,INDIRECT($B16&"年度出願!$R:$R"),2) -> 53 | D16: =COUNTIFS(INDIRECT($B16&"年度出願!$Y:$Y"),"<="&日付設定!$B1,INDIRECT($B16&"年度出願!$E:$E"),日付設定!$E$2,INDIRECT($B16&"年度出願!$T:$T"),日付設定!$F$4,INDIRECT($B16&"年度出願!$R:$R"),2,INDIRECT($B16&"年度出願!$Y:$Y"),"<>"&"") +COUNTIFS(INDIRECT($B16&"年度出願!$M:$M"),"<="&日付設定!$B1,INDIRECT($B16&"年度出願!$E:$E"),日付設定!$E$2,INDIRECT($B16&"年度出願!$T:$T"),日付設定!$F$4,INDIRECT($B16&"年度出願!$R:$R"),2,INDIRECT($B16&"年度出願!$Y:$Y"),"",INDIRECT($B16&"年度出願!$AR:$AR"),"N") +COUNTIFS(INDIRECT($B16&"年度出願!$M:$M"),"<="&日付設定!$B1,INDIRECT($B16&"年度出願!$E:$E"),日付設定!$E$2,INDIRECT($B16&"年度出願!$T:$T"),日付設定!$F$4,INDIRECT($B16&"年度出願!$R:$R"),2,INDIRECT($B16&"年度出願!$Y:$Y"),"",INDIRECT($B16&"年度出願!$AR:$AR"),"S",INDIRECT($B16&"年度出願!$AS:$AS"),"N") +COUNTIFS(INDIRECT($B16&"年度出願!$AA:$AA"),"<="&日付設定!$B1,INDIRECT($B16&"年度出願!$E:$E"),日付設定!$E$2,INDIRECT($B16&"年度出願!$T:$T"),日付設定!$F$4,INDIRECT($B16&"年度出願!$R:$R"),2,INDIRECT($B16&"年度出願!$AG:$AG"),"<>"&日付設定!$E$2) +COUNTIFS(INDIRECT($B16&"年度出願!$M:$M"),"<="&日付設定!$B1,INDIRECT($B16&"年度出願!$E:$E"),日付設定!$E$2,INDIRECT($B16&"年度出願!$T:$T"),日付設定!$F$4,INDIRECT($B16&"年度出願!$R:$R"),2,INDIRECT($B16&"年度出願!$Y:$Y"),"",INDIRECT($B16&"年度出願!$AR:$AR"),"",INDIRECT($B16&"年度出願!$A:$A"),日付設定!$M$2) -> 0 | E16: =COUNTIFS(INDIRECT($B16&"年度出願!$AA:$AA"),"<="&日付設定!$B1,INDIRECT($B16&"年度出願!$AG:$AG"),日付設定!$E$2,INDIRECT($B16&"年度出願!$T:$T"),日付設定!$F$4,INDIRECT($B16&"年度出願!$R:$R"),2) -> 12 | F16: =COUNTIFS(INDIRECT($B16&"年度出願!$M:$M"),"<="&日付設定!$B1,INDIRECT($B16&"年度出願!$E:$E"),日付設定!$E$2,INDIRECT($B16&"年度出願!$T:$T"),日付設定!$F$4,INDIRECT($B16&"年度出願!$R:$R"),1) -> 7 | G16: =COUNTIFS(INDIRECT($B16&"年度出願!$Y:$Y"),"<="&日付設定!$B1,INDIRECT($B16&"年度出願!$E:$E"),日付設定!$E$2,INDIRECT($B16&"年度出願!$T:$T"),日付設定!$F$4,INDIRECT($B16&"年度出願!$R:$R"),1,INDIRECT($B16&"年度出願!$Y:$Y"),"<>"&"") +COUNTIFS(INDIRECT($B16&"年度出願!$M:$M"),"<="&日付設定!$B1,INDIRECT($B16&"年度出願!$E:$E"),日付設定!$E$2,INDIRECT($B16&"年度出願!$T:$T"),日付設定!$F$4,INDIRECT($B16&"年度出願!$R:$R"),1,INDIRECT($B16&"年度出願!$Y:$Y"),"",INDIRECT($B16&"年度出願!$AR:$AR"),"N") +COUNTIFS(INDIRECT($B16&"年度出願!$M:$M"),"<="&日付設定!$B1,INDIRECT($B16&"年度出願!$E:$E"),日付設定!$E$2,INDIRECT($B16&"年度出願!$T:$T"),日付設定!$F$4,INDIRECT($B16&"年度出願!$R:$R"),1,INDIRECT($B16&"年度出願!$Y:$Y"),"",INDIRECT($B16&"年度出願!$AR:$AR"),"S",INDIRECT($B16&"年度出願!$AS:$AS"),"N") +COUNTIFS(INDIRECT($B16&"年度出願!$AA:$AA"),"<="&日付設定!$B1,INDIRECT($B16&"年度出願!$E:$E"),日付設定!$E$2,INDIRECT($B16&"年度出願!$T:$T"),日付設定!$F$4,INDIRECT($B16&"年度出願!$R:$R"),1,INDIRECT($B16&"年度出願!$AG:$AG"),"<>"&日付設定!$E$2) +COUNTIFS(INDIRECT($B16&"年度出願!$M:$M"),"<="&日付設定!$B1,INDIRECT($B16&"年度出願!$E:$E"),日付設定!$E$2,INDIRECT($B16&"年度出願!$T:$T"),日付設定!$F$4,INDIRECT($B16&"年度出願!$R:$R"),1,INDIRECT($B16&"年度出願!$Y:$Y"),"",INDIRECT($B16&"年度出願!$AR:$AR"),"",INDIRECT($B16&"年度出願!$A:$A"),日付設定!$M$2) -> 0 | H16: =COUNTIFS(INDIRECT($B16&"年度出願!$AA:$AA"),"<="&日付設定!$B1,INDIRECT($B16&"年度出願!$AG:$AG"),日付設定!$E$2,INDIRECT($B16&"年度出願!$T:$T"),日付設定!$F$4,INDIRECT($B16&"年度出願!$R:$R"),1) -> 0 | I16: =COUNTIFS(INDIRECT($B16&"年度出願!$M:$M"),"<="&日付設定!$B1,INDIRECT($B16&"年度出願!$E:$E"),日付設定!$E$2,INDIRECT($B16&"年度出願!$T:$T"),日付設定!$F$6) -> 18 | J16: =COUNTIFS(INDIRECT($B16&"年度出願!$Y:$Y"),"<="&日付設定!$B1,INDIRECT($B16&"年度出願!$E:$E"),日付設定!$E$2,INDIRECT($B16&"年度出願!$T:$T"),日付設定!$F$6,INDIRECT($B16&"年度出願!$Y:$Y"),"<>"&"") +COUNTIFS(INDIRECT($B16&"年度出願!$M:$M"),"<="&日付設定!$B1,INDIRECT($B16&"年度出願!$E:$E"),日付設定!$E$2,INDIRECT($B16&"年度出願!$T:$T"),日付設定!$F$6,INDIRECT($B16&"年度出願!$Y:$Y"),"",INDIRECT($B16&"年度出願!$AR:$AR"),"N") +COUNTIFS(INDIRECT($B16&"年度出願!$M:$M"),"<="&日付設定!$B1,INDIRECT($B16&"年度出願!$E:$E"),日付設定!$E$2,INDIRECT($B16&"年度出願!$T:$T"),日付設定!$F$6,INDIRECT($B16&"年度出願!$Y:$Y"),"",INDIRECT($B16&"年度出願!$AR:$AR"),"S",INDIRECT($B16&"年度出願!$AS:$AS"),"N") +COUNTIFS(INDIRECT($B16&"年度出願!$AA:$AA"),"<="&日付設定!$B1,INDIRECT($B16&"年度出願!$E:$E"),日付設定!$E$2,INDIRECT($B16&"年度出願!$T:$T"),日付設定!$F$6,INDIRECT($B16&"年度出願!$AG:$AG"),"<>"&日付設定!$E$2) +COUNTIFS(INDIRECT($B16&"年度出願!$M:$M"),"<="&日付設定!$B1,INDIRECT($B16&"年度出願!$E:$E"),日付設定!$E$2,INDIRECT($B16&"年度出願!$T:$T"),日付設定!$F$6,INDIRECT($B16&"年度出願!$Y:$Y"),"",INDIRECT($B16&"年度出願!$AR:$AR"),"",INDIRECT($B16&"年度出願!$A:$A"),日付設定!$M$2) -> 1 | K16: =COUNTIFS(INDIRECT($B16&"年度出願!$AA:$AA"),"<="&日付設定!$B1,INDIRECT($B16&"年度出願!$AG:$AG"),日付設定!$E$2,INDIRECT($B16&"年度出願!$T:$T"),日付設定!$F$6) -> 10 | L16: =COUNTIFS(INDIRECT($B16&"年度出願!$M:$M"),"<="&日付設定!$B1,INDIRECT($B16&"年度出願!$E:$E"),日付設定!$E$2,INDIRECT($B16&"年度出願!$T:$T"),日付設定!$F$10) -> 20 | M16: =COUNTIFS(INDIRECT($B16&"年度出願!$Y:$Y"),"<="&日付設定!$B1,INDIRECT($B16&"年度出願!$E:$E"),日付設定!$E$2,INDIRECT($B16&"年度出願!$T:$T"),日付設定!$F$10,INDIRECT($B16&"年度出願!$Y:$Y"),"<>"&"") +COUNTIFS(INDIRECT($B16&"年度出願!$M:$M"),"<="&日付設定!$B1,INDIRECT($B16&"年度出願!$E:$E"),日付設定!$E$2,INDIRECT($B16&"年度出願!$T:$T"),日付設定!$F$10,INDIRECT($B16&"年度出願!$Y:$Y"),"",INDIRECT($B16&"年度出願!$AR:$AR"),"N") +COUNTIFS(INDIRECT($B16&"年度出願!$M:$M"),"<="&日付設定!$B1,INDIRECT($B16&"年度出願!$E:$E"),日付設定!$E$2,INDIRECT($B16&"年度出願!$T:$T"),日付設定!$F$10,INDIRECT($B16&"年度出願!$Y:$Y"),"",INDIRECT($B16&"年度出願!$AR:$AR"),"S",INDIRECT($B16&"年度出願!$AS:$AS"),"N") +COUNTIFS(INDIRECT($B16&"年度出願!$AA:$AA"),"<="&日付設定!$B1,INDIRECT($B16&"年度出願!$E:$E"),日付設定!$E$2,INDIRECT($B16&"年度出願!$T:$T"),日付設定!$F$10,INDIRECT($B16&"年度出願!$AG:$AG"),"<>"&日付設定!$E$2) +COUNTIFS(INDIRECT($B16&"年度出願!$M:$M"),"<="&日付設定!$B1,INDIRECT($B16&"年度出願!$E:$E"),日付設定!$E$2,INDIRECT($B16&"年度出願!$T:$T"),日付設定!$F$10,INDIRECT($B16&"年度出願!$Y:$Y"),"",INDIRECT($B16&"年度出願!$AR:$AR"),"",INDIRECT($B16&"年度出願!$A:$A"),日付設定!$M$2) -> 0 | N16: =COUNTIFS(INDIRECT($B16&"年度出願!$AA:$AA"),"<="&日付設定!$B1,INDIRECT($B16&"年度出願!$AG:$AG"),日付設定!$E$2,INDIRECT($B16&"年度出願!$T:$T"),日付設定!$F$10) -> 10 | O16: =COUNTIFS(INDIRECT($B16&"年度出願!$M:$M"),"<="&日付設定!$B1,INDIRECT($B16&"年度出願!$E:$E"),日付設定!$E$2,INDIRECT($B16&"年度出願!$Q:$Q"),日付設定!$H$2) -> 0 | P16: =COUNTIFS(INDIRECT($B16&"年度出願!$Y:$Y"),"<="&日付設定!$B1,INDIRECT($B16&"年度出願!$E:$E"),日付設定!$E$2,INDIRECT($B16&"年度出願!$Q:$Q"),日付設定!$H$2,INDIRECT($B16&"年度出願!$Y:$Y"),"<>"&"") +COUNTIFS(INDIRECT($B16&"年度出願!$M:$M"),"<="&日付設定!$B1,INDIRECT($B16&"年度出願!$E:$E"),日付設定!$E$2,INDIRECT($B16&"年度出願!$Q:$Q"),日付設定!$H$2,INDIRECT($B16&"年度出願!$Y:$Y"),"",INDIRECT($B16&"年度出願!$AR:$AR"),"N") +COUNTIFS(INDIRECT($B16&"年度出願!$M:$M"),"<="&日付設定!$B1,INDIRECT($B16&"年度出願!$E:$E"),日付設定!$E$2,INDIRECT($B16&"年度出願!$Q:$Q"),日付設定!$H$2,INDIRECT($B16&"年度出願!$Y:$Y"),"",INDIRECT($B16&"年度出願!$AR:$AR"),"S",INDIRECT($B16&"年度出願!$AS:$AS"),"N") +COUNTIFS(INDIRECT($B16&"年度出願!$AA:$AA"),"<="&日付設定!$B1,INDIRECT($B16&"年度出願!$E:$E"),日付設定!$E$2,INDIRECT($B16&"年度出願!$Q:$Q"),日付設定!$H$2,INDIRECT($B16&"年度出願!$AG:$AG"),"<>"&日付設定!$E$2) +COUNTIFS(INDIRECT($B16&"年度出願!$M:$M"),"<="&日付設定!$B1,INDIRECT($B16&"年度出願!$E:$E"),日付設定!$E$2,INDIRECT($B16&"年度出願!$Q:$Q"),日付設定!$H$2,INDIRECT($B16&"年度出願!$Y:$Y"),"",INDIRECT($B16&"年度出願!$AR:$AR"),"",INDIRECT($B16&"年度出願!$A:$A"),日付設定!$M$2) -> 0 | Q16: =COUNTIFS(INDIRECT($B16&"年度出願!$AA:$AA"),"<="&日付設定!$B1,INDIRECT($B16&"年度出願!$AG:$AG"),日付設定!$E$2,INDIRECT($B16&"年度出願!$Q:$Q"),日付設定!$H$2) -> 0 | R16: =COUNTIFS(INDIRECT($B16&"年度出願!$M:$M"),"<="&日付設定!$B1,INDIRECT($B16&"年度出願!$E:$E"),日付設定!$E$2,INDIRECT($B16&"年度出願!$Q:$Q"),日付設定!$G$2) -> 0 | S16: =COUNTIFS(INDIRECT($B16&"年度出願!$Y:$Y"),"<="&日付設定!$B1,INDIRECT($B16&"年度出願!$E:$E"),日付設定!$E$2,INDIRECT($B16&"年度出願!$Q:$Q"),日付設定!$G$2,INDIRECT($B16&"年度出願!$Y:$Y"),"<>"&"") +COUNTIFS(INDIRECT($B16&"年度出願!$M:$M"),"<="&日付設定!$B1,INDIRECT($B16&"年度出願!$E:$E"),日付設定!$E$2,INDIRECT($B16&"年度出願!$Q:$Q"),日付設定!$G$2,INDIRECT($B16&"年度出願!$Y:$Y"),"",INDIRECT($B16&"年度出願!$AR:$AR"),"N") +COUNTIFS(INDIRECT($B16&"年度出願!$M:$M"),"<="&日付設定!$B1,INDIRECT($B16&"年度出願!$E:$E"),日付設定!$E$2,INDIRECT($B16&"年度出願!$Q:$Q"),日付設定!$G$2,INDIRECT($B16&"年度出願!$Y:$Y"),"",INDIRECT($B16&"年度出願!$AR:$AR"),"S",INDIRECT($B16&"年度出願!$AS:$AS"),"N") +COUNTIFS(INDIRECT($B16&"年度出願!$AA:$AA"),"<="&日付設定!$B1,INDIRECT($B16&"年度出願!$E:$E"),日付設定!$E$2,INDIRECT($B16&"年度出願!$Q:$Q"),日付設定!$G$2,INDIRECT($B16&"年度出願!$AG:$AG"),"<>"&日付設定!$E$2) +COUNTIFS(INDIRECT($B16&"年度出願!$M:$M"),"<="&日付設定!$B1,INDIRECT($B16&"年度出願!$E:$E"),日付設定!$E$2,INDIRECT($B16&"年度出願!$Q:$Q"),日付設定!$G$2,INDIRECT($B16&"年度出願!$Y:$Y"),"",INDIRECT($B16&"年度出願!$AR:$AR"),"",INDIRECT($B16&"年度出願!$A:$A"),日付設定!$M$2) -> 0 | T16: =COUNTIFS(INDIRECT($B16&"年度出願!$AA:$AA"),"<="&日付設定!$B1,INDIRECT($B16&"年度出願!$AG:$AG"),日付設定!$E$2,INDIRECT($B16&"年度出願!$Q:$Q"),日付設定!$G$2) -> 0 | U16: =COUNTIFS(INDIRECT($B16&"年度出願!$M:$M"),"<="&日付設定!$B1,INDIRECT($B16&"年度出願!$E:$E"),日付設定!$E$2,INDIRECT($B16&"年度出願!$T:$T"),日付設定!$F$3) -> 0 | V16: =COUNTIFS(INDIRECT($B16&"年度出願!$Y:$Y"),"<="&日付設定!$B1,INDIRECT($B16&"年度出願!$E:$E"),日付設定!$E$2,INDIRECT($B16&"年度出願!$T:$T"),日付設定!$F$3,INDIRECT($B16&"年度出願!$Y:$Y"),"<>"&"") +COUNTIFS(INDIRECT($B16&"年度出願!$M:$M"),"<="&日付設定!$B1,INDIRECT($B16&"年度出願!$E:$E"),日付設定!$E$2,INDIRECT($B16&"年度出願!$T:$T"),日付設定!$F$3,INDIRECT($B16&"年度出願!$Y:$Y"),"",INDIRECT($B16&"年度出願!$AR:$AR"),"N") +COUNTIFS(INDIRECT($B16&"年度出願!$M:$M"),"<="&日付設定!$B1,INDIRECT($B16&"年度出願!$E:$E"),日付設定!$E$2,INDIRECT($B16&"年度出願!$T:$T"),日付設定!$F$3,INDIRECT($B16&"年度出願!$Y:$Y"),"",INDIRECT($B16&"年度出願!$AR:$AR"),"S",INDIRECT($B16&"年度出願!$AS:$AS"),"N") +COUNTIFS(INDIRECT($B16&"年度出願!$AA:$AA"),"<="&日付設定!$B1,INDIRECT($B16&"年度出願!$E:$E"),日付設定!$E$2,INDIRECT($B16&"年度出願!$T:$T"),日付設定!$F$3,INDIRECT($B16&"年度出願!$AG:$AG"),"<>"&日付設定!$E$2) +COUNTIFS(INDIRECT($B16&"年度出願!$M:$M"),"<="&日付設定!$B1,INDIRECT($B16&"年度出願!$E:$E"),日付設定!$E$2,INDIRECT($B16&"年度出願!$T:$T"),日付設定!$F$3,INDIRECT($B16&"年度出願!$Y:$Y"),"",INDIRECT($B16&"年度出願!$AR:$AR"),"",INDIRECT($B16&"年度出願!$A:$A"),日付設定!$M$2) -> 0 | W16: =COUNTIFS(INDIRECT($B16&"年度出願!$AA:$AA"),"<="&日付設定!$B1,INDIRECT($B16&"年度出願!$AG:$AG"),日付設定!$E$2,INDIRECT($B16&"年度出願!$T:$T"),日付設定!$F$3) -> 0 | X16: =COUNTIFS(INDIRECT($B16&"年度出願!$M:$M"),"<="&日付設定!$B1,INDIRECT($B16&"年度出願!$E:$E"),日付設定!$E$2,INDIRECT($B16&"年度出願!$T:$T"),日付設定!$F$5) -> 15 | Y16: =COUNTIFS(INDIRECT($B16&"年度出願!$Y:$Y"),"<="&日付設定!$B1,INDIRECT($B16&"年度出願!$E:$E"),日付設定!$E$2,INDIRECT($B16&"年度出願!$T:$T"),日付設定!$F$5,INDIRECT($B16&"年度出願!$Y:$Y"),"<>"&"") +COUNTIFS(INDIRECT($B16&"年度出願!$M:$M"),"<="&日付設定!$B1,INDIRECT($B16&"年度出願!$E:$E"),日付設定!$E$2,INDIRECT($B16&"年度出願!$T:$T"),日付設定!$F$5,INDIRECT($B16&"年度出願!$Y:$Y"),"",INDIRECT($B16&"年度出願!$AR:$AR"),"N") +COUNTIFS(INDIRECT($B16&"年度出願!$M:$M"),"<="&日付設定!$B1,INDIRECT($B16&"年度出願!$E:$E"),日付設定!$E$2,INDIRECT($B16&"年度出願!$T:$T"),日付設定!$F$5,INDIRECT($B16&"年度出願!$Y:$Y"),"",INDIRECT($B16&"年度出願!$AR:$AR"),"S",INDIRECT($B16&"年度出願!$AS:$AS"),"N") +COUNTIFS(INDIRECT($B16&"年度出願!$AA:$AA"),"<="&日付設定!$B1,INDIRECT($B16&"年度出願!$E:$E"),日付設定!$E$2,INDIRECT($B16&"年度出願!$T:$T"),日付設定!$F$5,INDIRECT($B16&"年度出願!$AG:$AG"),"<>"&日付設定!$E$2) +COUNTIFS(INDIRECT($B16&"年度出願!$M:$M"),"<="&日付設定!$B1,INDIRECT($B16&"年度出願!$E:$E"),日付設定!$E$2,INDIRECT($B16&"年度出願!$T:$T"),日付設定!$F$5,INDIRECT($B16&"年度出願!$Y:$Y"),"",INDIRECT($B16&"年度出願!$AR:$AR"),"",INDIRECT($B16&"年度出願!$A:$A"),日付設定!$M$2) -> 0 | Z16: =COUNTIFS(INDIRECT($B16&"年度出願!$AA:$AA"),"<="&日付設定!$B1,INDIRECT($B16&"年度出願!$AG:$AG"),日付設定!$E$2,INDIRECT($B16&"年度出願!$T:$T"),日付設定!$F$5) -> 6 | AA16: =COUNTIFS(INDIRECT($B16&"年度出願!$M:$M"),"<="&日付設定!$B1,INDIRECT($B16&"年度出願!$E:$E"),日付設定!$E$2,INDIRECT($B16&"年度出願!$T:$T"),日付設定!$F$9) -> 6 | AB16: =COUNTIFS(INDIRECT($B16&"年度出願!$Y:$Y"),"<="&日付設定!$B1,INDIRECT($B16&"年度出願!$E:$E"),日付設定!$E$2,INDIRECT($B16&"年度出願!$T:$T"),日付設定!$F$9,INDIRECT($B16&"年度出願!$Y:$Y"),"<>"&"") +COUNTIFS(INDIRECT($B16&"年度出願!$M:$M"),"<="&日付設定!$B1,INDIRECT($B16&"年度出願!$E:$E"),日付設定!$E$2,INDIRECT($B16&"年度出願!$T:$T"),日付設定!$F$9,INDIRECT($B16&"年度出願!$Y:$Y"),"",INDIRECT($B16&"年度出願!$AR:$AR"),"N") +COUNTIFS(INDIRECT($B16&"年度出願!$M:$M"),"<="&日付設定!$B1,INDIRECT($B16&"年度出願!$E:$E"),日付設定!$E$2,INDIRECT($B16&"年度出願!$T:$T"),日付設定!$F$9,INDIRECT($B16&"年度出願!$Y:$Y"),"",INDIRECT($B16&"年度出願!$AR:$AR"),"S",INDIRECT($B16&"年度出願!$AS:$AS"),"N") +COUNTIFS(INDIRECT($B16&"年度出願!$AA:$AA"),"<="&日付設定!$B1,INDIRECT($B16&"年度出願!$E:$E"),日付設定!$E$2,INDIRECT($B16&"年度出願!$T:$T"),日付設定!$F$9,INDIRECT($B16&"年度出願!$AG:$AG"),"<>"&日付設定!$E$2) +COUNTIFS(INDIRECT($B16&"年度出願!$M:$M"),"<="&日付設定!$B1,INDIRECT($B16&"年度出願!$E:$E"),日付設定!$E$2,INDIRECT($B16&"年度出願!$T:$T"),日付設定!$F$9,INDIRECT($B16&"年度出願!$Y:$Y"),"",INDIRECT($B16&"年度出願!$AR:$AR"),"",INDIRECT($B16&"年度出願!$A:$A"),日付設定!$M$2) -> 0 | AC16: =COUNTIFS(INDIRECT($B16&"年度出願!$AA:$AA"),"<="&日付設定!$B1,INDIRECT($B16&"年度出願!$AG:$AG"),日付設定!$E$2,INDIRECT($B16&"年度出願!$T:$T"),日付設定!$F$9) -> 2 | AD16: =COUNTIFS(INDIRECT($B16&"年度出願!$M:$M"),"<="&日付設定!$B1,INDIRECT($B16&"年度出願!$E:$E"),日付設定!$E$2,INDIRECT($B16&"年度出願!$T:$T"),日付設定!$F$7) -> 0 | AE16: =COUNTIFS(INDIRECT($B16&"年度出願!$Y:$Y"),"<="&日付設定!$B1,INDIRECT($B16&"年度出願!$E:$E"),日付設定!$E$2,INDIRECT($B16&"年度出願!$T:$T"),日付設定!$F$7,INDIRECT($B16&"年度出願!$Y:$Y"),"<>"&"") +COUNTIFS(INDIRECT($B16&"年度出願!$M:$M"),"<="&日付設定!$B1,INDIRECT($B16&"年度出願!$E:$E"),日付設定!$E$2,INDIRECT($B16&"年度出願!$T:$T"),日付設定!$F$7,INDIRECT($B16&"年度出願!$Y:$Y"),"",INDIRECT($B16&"年度出願!$AR:$AR"),"N") +COUNTIFS(INDIRECT($B16&"年度出願!$M:$M"),"<="&日付設定!$B1,INDIRECT($B16&"年度出願!$E:$E"),日付設定!$E$2,INDIRECT($B16&"年度出願!$T:$T"),日付設定!$F$7,INDIRECT($B16&"年度出願!$Y:$Y"),"",INDIRECT($B16&"年度出願!$AR:$AR"),"S",INDIRECT($B16&"年度出願!$AS:$AS"),"N") +COUNTIFS(INDIRECT($B16&"年度出願!$AA:$AA"),"<="&日付設定!$B1,INDIRECT($B16&"年度出願!$E:$E"),日付設定!$E$2,INDIRECT($B16&"年度出願!$T:$T"),日付設定!$F$7,INDIRECT($B16&"年度出願!$AG:$AG"),"<>"&日付設定!$E$2) -> 0 | AF16: =COUNTIFS(INDIRECT($B16&"年度出願!$AA:$AA"),"<="&日付設定!$B1,INDIRECT($B16&"年度出願!$AG:$AG"),日付設定!$E$2,INDIRECT($B16&"年度出願!$T:$T"),日付設定!$F$7) -> 0 | AG16: =COUNTIFS(INDIRECT($B16&"年度出願!$M:$M"),"<="&日付設定!$B1,INDIRECT($B16&"年度出願!$E:$E"),日付設定!$E$2,INDIRECT($B16&"年度出願!$T:$T"),日付設定!$F$11) -> 0 | AH16: =COUNTIFS(INDIRECT($B16&"年度出願!$Y:$Y"),"<="&日付設定!$B1,INDIRECT($B16&"年度出願!$E:$E"),日付設定!$E$2,INDIRECT($B16&"年度出願!$T:$T"),日付設定!$F$11,INDIRECT($B16&"年度出願!$Y:$Y"),"<>"&"") +COUNTIFS(INDIRECT($B16&"年度出願!$M:$M"),"<="&日付設定!$B1,INDIRECT($B16&"年度出願!$E:$E"),日付設定!$E$2,INDIRECT($B16&"年度出願!$T:$T"),日付設定!$F$11,INDIRECT($B16&"年度出願!$Y:$Y"),"",INDIRECT($B16&"年度出願!$AR:$AR"),"N") +COUNTIFS(INDIRECT($B16&"年度出願!$M:$M"),"<="&日付設定!$B1,INDIRECT($B16&"年度出願!$E:$E"),日付設定!$E$2,INDIRECT($B16&"年度出願!$T:$T"),日付設定!$F$11,INDIRECT($B16&"年度出願!$Y:$Y"),"",INDIRECT($B16&"年度出願!$AR:$AR"),"S",INDIRECT($B16&"年度出願!$AS:$AS"),"N") +COUNTIFS(INDIRECT($B16&"年度出願!$AA:$AA"),"<="&日付設定!$B1,INDIRECT($B16&"年度出願!$E:$E"),日付設定!$E$2,INDIRECT($B16&"年度出願!$T:$T"),日付設定!$F$11,INDIRECT($B16&"年度出願!$AG:$AG"),"<>"&日付設定!$E$2) -> 0 | AI16: =COUNTIFS(INDIRECT($B16&"年度出願!$AA:$AA"),"<="&日付設定!$B1,INDIRECT($B16&"年度出願!$AG:$AG"),日付設定!$E$2,INDIRECT($B16&"年度出願!$T:$T"),日付設定!$F$11) -> 0 | AJ16: =SUM(C16,F16,I16,L16,O16,R16,U16,X16,AA16,AD16,AG16) -> 119 | AK16: =SUM(D16,G16,J16,M16,P16,S16,V16,Y16,AB16,AE16,AH16) -> 1 | AL16: =SUM(E16,H16,K16,N16,Q16,T16,W16,Z16,AC16,AF16,AI16) -> 40
B17: 2026 | C17: =COUNTIFS(INDIRECT($B17&"年度出願!$M:$M"),"<="&日付設定!$B2,INDIRECT($B17&"年度出願!$E:$E"),日付設定!$E$2,INDIRECT($B17&"年度出願!$T:$T"),日付設定!$F$4,INDIRECT($B17&"年度出願!$R:$R"),2) -> 72 | D17: =COUNTIFS(INDIRECT($B17&"年度出願!$Y:$Y"),"<="&日付設定!$B2,INDIRECT($B17&"年度出願!$E:$E"),日付設定!$E$2,INDIRECT($B17&"年度出願!$T:$T"),日付設定!$F$4,INDIRECT($B17&"年度出願!$R:$R"),2,INDIRECT($B17&"年度出願!$Y:$Y"),"<>"&"") +COUNTIFS(INDIRECT($B17&"年度出願!$M:$M"),"<="&日付設定!$B2,INDIRECT($B17&"年度出願!$E:$E"),日付設定!$E$2,INDIRECT($B17&"年度出願!$T:$T"),日付設定!$F$4,INDIRECT($B17&"年度出願!$R:$R"),2,INDIRECT($B17&"年度出願!$Y:$Y"),"",INDIRECT($B17&"年度出願!$AR:$AR"),"N") +COUNTIFS(INDIRECT($B17&"年度出願!$M:$M"),"<="&日付設定!$B2,INDIRECT($B17&"年度出願!$E:$E"),日付設定!$E$2,INDIRECT($B17&"年度出願!$T:$T"),日付設定!$F$4,INDIRECT($B17&"年度出願!$R:$R"),2,INDIRECT($B17&"年度出願!$Y:$Y"),"",INDIRECT($B17&"年度出願!$AR:$AR"),"S",INDIRECT($B17&"年度出願!$AS:$AS"),"N") +COUNTIFS(INDIRECT($B17&"年度出願!$AA:$AA"),"<="&日付設定!$B2,INDIRECT($B17&"年度出願!$E:$E"),日付設定!$E$2,INDIRECT($B17&"年度出願!$T:$T"),日付設定!$F$4,INDIRECT($B17&"年度出願!$R:$R"),2,INDIRECT($B17&"年度出願!$AG:$AG"),"<>"&日付設定!$E$2) +COUNTIFS(INDIRECT($B17&"年度出願!$M:$M"),"<="&日付設定!$B2,INDIRECT($B17&"年度出願!$E:$E"),日付設定!$E$2,INDIRECT($B17&"年度出願!$T:$T"),日付設定!$F$4,INDIRECT($B17&"年度出願!$R:$R"),2,INDIRECT($B17&"年度出願!$Y:$Y"),"",INDIRECT($B17&"年度出願!$AR:$AR"),"",INDIRECT($B17&"年度出願!$A:$A"),日付設定!$M$2) -> 12 | E17: =COUNTIFS(INDIRECT($B17&"年度出願!$AA:$AA"),"<="&日付設定!$B2,INDIRECT($B17&"年度出願!$AG:$AG"),日付設定!$E$2,INDIRECT($B17&"年度出願!$T:$T"),日付設定!$F$4,INDIRECT($B17&"年度出願!$R:$R"),2) -> 52 | F17: =COUNTIFS(INDIRECT($B17&"年度出願!$M:$M"),"<="&日付設定!$B2,INDIRECT($B17&"年度出願!$E:$E"),日付設定!$E$2,INDIRECT($B17&"年度出願!$T:$T"),日付設定!$F$4,INDIRECT($B17&"年度出願!$R:$R"),1) -> 22 | G17: =COUNTIFS(INDIRECT($B17&"年度出願!$Y:$Y"),"<="&日付設定!$B2,INDIRECT($B17&"年度出願!$E:$E"),日付設定!$E$2,INDIRECT($B17&"年度出願!$T:$T"),日付設定!$F$4,INDIRECT($B17&"年度出願!$R:$R"),1,INDIRECT($B17&"年度出願!$Y:$Y"),"<>"&"") +COUNTIFS(INDIRECT($B17&"年度出願!$M:$M"),"<="&日付設定!$B2,INDIRECT($B17&"年度出願!$E:$E"),日付設定!$E$2,INDIRECT($B17&"年度出願!$T:$T"),日付設定!$F$4,INDIRECT($B17&"年度出願!$R:$R"),1,INDIRECT($B17&"年度出願!$Y:$Y"),"",INDIRECT($B17&"年度出願!$AR:$AR"),"N") +COUNTIFS(INDIRECT($B17&"年度出願!$M:$M"),"<="&日付設定!$B2,INDIRECT($B17&"年度出願!$E:$E"),日付設定!$E$2,INDIRECT($B17&"年度出願!$T:$T"),日付設定!$F$4,INDIRECT($B17&"年度出願!$R:$R"),1,INDIRECT($B17&"年度出願!$Y:$Y"),"",INDIRECT($B17&"年度出願!$AR:$AR"),"S",INDIRECT($B17&"年度出願!$AS:$AS"),"N") +COUNTIFS(INDIRECT($B17&"年度出願!$AA:$AA"),"<="&日付設定!$B2,INDIRECT($B17&"年度出願!$E:$E"),日付設定!$E$2,INDIRECT($B17&"年度出願!$T:$T"),日付設定!$F$4,INDIRECT($B17&"年度出願!$R:$R"),1,INDIRECT($B17&"年度出願!$AG:$AG"),"<>"&日付設定!$E$2) +COUNTIFS(INDIRECT($B17&"年度出願!$M:$M"),"<="&日付設定!$B2,INDIRECT($B17&"年度出願!$E:$E"),日付設定!$E$2,INDIRECT($B17&"年度出願!$T:$T"),日付設定!$F$4,INDIRECT($B17&"年度出願!$R:$R"),1,INDIRECT($B17&"年度出願!$Y:$Y"),"",INDIRECT($B17&"年度出願!$AR:$AR"),"",INDIRECT($B17&"年度出願!$A:$A"),日付設定!$M$2) -> 10 | H17: =COUNTIFS(INDIRECT($B17&"年度出願!$AA:$AA"),"<="&日付設定!$B2,INDIRECT($B17&"年度出願!$AG:$AG"),日付設定!$E$2,INDIRECT($B17&"年度出願!$T:$T"),日付設定!$F$4,INDIRECT($B17&"年度出願!$R:$R"),1) -> 7 | I17: =COUNTIFS(INDIRECT($B17&"年度出願!$M:$M"),"<="&日付設定!$B2,INDIRECT($B17&"年度出願!$E:$E"),日付設定!$E$2,INDIRECT($B17&"年度出願!$T:$T"),日付設定!$F$6) -> 41 | J17: =COUNTIFS(INDIRECT($B17&"年度出願!$Y:$Y"),"<="&日付設定!$B2,INDIRECT($B17&"年度出願!$E:$E"),日付設定!$E$2,INDIRECT($B17&"年度出願!$T:$T"),日付設定!$F$6,INDIRECT($B17&"年度出願!$Y:$Y"),"<>"&"") +COUNTIFS(INDIRECT($B17&"年度出願!$M:$M"),"<="&日付設定!$B2,INDIRECT($B17&"年度出願!$E:$E"),日付設定!$E$2,INDIRECT($B17&"年度出願!$T:$T"),日付設定!$F$6,INDIRECT($B17&"年度出願!$Y:$Y"),"",INDIRECT($B17&"年度出願!$AR:$AR"),"N") +COUNTIFS(INDIRECT($B17&"年度出願!$M:$M"),"<="&日付設定!$B2,INDIRECT($B17&"年度出願!$E:$E"),日付設定!$E$2,INDIRECT($B17&"年度出願!$T:$T"),日付設定!$F$6,INDIRECT($B17&"年度出願!$Y:$Y"),"",INDIRECT($B17&"年度出願!$AR:$AR"),"S",INDIRECT($B17&"年度出願!$AS:$AS"),"N") +COUNTIFS(INDIRECT($B17&"年度出願!$AA:$AA"),"<="&日付設定!$B2,INDIRECT($B17&"年度出願!$E:$E"),日付設定!$E$2,INDIRECT($B17&"年度出願!$T:$T"),日付設定!$F$6,INDIRECT($B17&"年度出願!$AG:$AG"),"<>"&日付設定!$E$2) +COUNTIFS(INDIRECT($B17&"年度出願!$M:$M"),"<="&日付設定!$B2,INDIRECT($B17&"年度出願!$E:$E"),日付設定!$E$2,INDIRECT($B17&"年度出願!$T:$T"),日付設定!$F$6,INDIRECT($B17&"年度出願!$Y:$Y"),"",INDIRECT($B17&"年度出願!$AR:$AR"),"",INDIRECT($B17&"年度出願!$A:$A"),日付設定!$M$2) -> 11 | K17: =COUNTIFS(INDIRECT($B17&"年度出願!$AA:$AA"),"<="&日付設定!$B2,INDIRECT($B17&"年度出願!$AG:$AG"),日付設定!$E$2,INDIRECT($B17&"年度出願!$T:$T"),日付設定!$F$6) -> 22 | L17: =COUNTIFS(INDIRECT($B17&"年度出願!$M:$M"),"<="&日付設定!$B2,INDIRECT($B17&"年度出願!$E:$E"),日付設定!$E$2,INDIRECT($B17&"年度出願!$T:$T"),日付設定!$F$10) -> 23 | M17: =COUNTIFS(INDIRECT($B17&"年度出願!$Y:$Y"),"<="&日付設定!$B2,INDIRECT($B17&"年度出願!$E:$E"),日付設定!$E$2,INDIRECT($B17&"年度出願!$T:$T"),日付設定!$F$10,INDIRECT($B17&"年度出願!$Y:$Y"),"<>"&"") +COUNTIFS(INDIRECT($B17&"年度出願!$M:$M"),"<="&日付設定!$B2,INDIRECT($B17&"年度出願!$E:$E"),日付設定!$E$2,INDIRECT($B17&"年度出願!$T:$T"),日付設定!$F$10,INDIRECT($B17&"年度出願!$Y:$Y"),"",INDIRECT($B17&"年度出願!$AR:$AR"),"N") +COUNTIFS(INDIRECT($B17&"年度出願!$M:$M"),"<="&日付設定!$B2,INDIRECT($B17&"年度出願!$E:$E"),日付設定!$E$2,INDIRECT($B17&"年度出願!$T:$T"),日付設定!$F$10,INDIRECT($B17&"年度出願!$Y:$Y"),"",INDIRECT($B17&"年度出願!$AR:$AR"),"S",INDIRECT($B17&"年度出願!$AS:$AS"),"N") +COUNTIFS(INDIRECT($B17&"年度出願!$AA:$AA"),"<="&日付設定!$B2,INDIRECT($B17&"年度出願!$E:$E"),日付設定!$E$2,INDIRECT($B17&"年度出願!$T:$T"),日付設定!$F$10,INDIRECT($B17&"年度出願!$AG:$AG"),"<>"&日付設定!$E$2) +COUNTIFS(INDIRECT($B17&"年度出願!$M:$M"),"<="&日付設定!$B2,INDIRECT($B17&"年度出願!$E:$E"),日付設定!$E$2,INDIRECT($B17&"年度出願!$T:$T"),日付設定!$F$10,INDIRECT($B17&"年度出願!$Y:$Y"),"",INDIRECT($B17&"年度出願!$AR:$AR"),"",INDIRECT($B17&"年度出願!$A:$A"),日付設定!$M$2) -> 0 | N17: =COUNTIFS(INDIRECT($B17&"年度出願!$AA:$AA"),"<="&日付設定!$B2,INDIRECT($B17&"年度出願!$AG:$AG"),日付設定!$E$2,INDIRECT($B17&"年度出願!$T:$T"),日付設定!$F$10) -> 16 | O17: =COUNTIFS(INDIRECT($B17&"年度出願!$M:$M"),"<="&日付設定!$B2,INDIRECT($B17&"年度出願!$E:$E"),日付設定!$E$2,INDIRECT($B17&"年度出願!$Q:$Q"),日付設定!$H$2) -> 0 | P17: =COUNTIFS(INDIRECT($B17&"年度出願!$Y:$Y"),"<="&日付設定!$B2,INDIRECT($B17&"年度出願!$E:$E"),日付設定!$E$2,INDIRECT($B17&"年度出願!$Q:$Q"),日付設定!$H$2,INDIRECT($B17&"年度出願!$Y:$Y"),"<>"&"") +COUNTIFS(INDIRECT($B17&"年度出願!$M:$M"),"<="&日付設定!$B2,INDIRECT($B17&"年度出願!$E:$E"),日付設定!$E$2,INDIRECT($B17&"年度出願!$Q:$Q"),日付設定!$H$2,INDIRECT($B17&"年度出願!$Y:$Y"),"",INDIRECT($B17&"年度出願!$AR:$AR"),"N") +COUNTIFS(INDIRECT($B17&"年度出願!$M:$M"),"<="&日付設定!$B2,INDIRECT($B17&"年度出願!$E:$E"),日付設定!$E$2,INDIRECT($B17&"年度出願!$Q:$Q"),日付設定!$H$2,INDIRECT($B17&"年度出願!$Y:$Y"),"",INDIRECT($B17&"年度出願!$AR:$AR"),"S",INDIRECT($B17&"年度出願!$AS:$AS"),"N") +COUNTIFS(INDIRECT($B17&"年度出願!$AA:$AA"),"<="&日付設定!$B2,INDIRECT($B17&"年度出願!$E:$E"),日付設定!$E$2,INDIRECT($B17&"年度出願!$Q:$Q"),日付設定!$H$2,INDIRECT($B17&"年度出願!$AG:$AG"),"<>"&日付設定!$E$2) +COUNTIFS(INDIRECT($B17&"年度出願!$M:$M"),"<="&日付設定!$B2,INDIRECT($B17&"年度出願!$E:$E"),日付設定!$E$2,INDIRECT($B17&"年度出願!$Q:$Q"),日付設定!$H$2,INDIRECT($B17&"年度出願!$Y:$Y"),"",INDIRECT($B17&"年度出願!$AR:$AR"),"",INDIRECT($B17&"年度出願!$A:$A"),日付設定!$M$2) -> 0 | Q17: =COUNTIFS(INDIRECT($B17&"年度出願!$AA:$AA"),"<="&日付設定!$B2,INDIRECT($B17&"年度出願!$AG:$AG"),日付設定!$E$2,INDIRECT($B17&"年度出願!$Q:$Q"),日付設定!$H$2) -> 0 | R17: =COUNTIFS(INDIRECT($B17&"年度出願!$M:$M"),"<="&日付設定!$B2,INDIRECT($B17&"年度出願!$E:$E"),日付設定!$E$2,INDIRECT($B17&"年度出願!$Q:$Q"),日付設定!$G$2) -> 0 | S17: =COUNTIFS(INDIRECT($B17&"年度出願!$Y:$Y"),"<="&日付設定!$B2,INDIRECT($B17&"年度出願!$E:$E"),日付設定!$E$2,INDIRECT($B17&"年度出願!$Q:$Q"),日付設定!$G$2,INDIRECT($B17&"年度出願!$Y:$Y"),"<>"&"") +COUNTIFS(INDIRECT($B17&"年度出願!$M:$M"),"<="&日付設定!$B2,INDIRECT($B17&"年度出願!$E:$E"),日付設定!$E$2,INDIRECT($B17&"年度出願!$Q:$Q"),日付設定!$G$2,INDIRECT($B17&"年度出願!$Y:$Y"),"",INDIRECT($B17&"年度出願!$AR:$AR"),"N") +COUNTIFS(INDIRECT($B17&"年度出願!$M:$M"),"<="&日付設定!$B2,INDIRECT($B17&"年度出願!$E:$E"),日付設定!$E$2,INDIRECT($B17&"年度出願!$Q:$Q"),日付設定!$G$2,INDIRECT($B17&"年度出願!$Y:$Y"),"",INDIRECT($B17&"年度出願!$AR:$AR"),"S",INDIRECT($B17&"年度出願!$AS:$AS"),"N") +COUNTIFS(INDIRECT($B17&"年度出願!$AA:$AA"),"<="&日付設定!$B2,INDIRECT($B17&"年度出願!$E:$E"),日付設定!$E$2,INDIRECT($B17&"年度出願!$Q:$Q"),日付設定!$G$2,INDIRECT($B17&"年度出願!$AG:$AG"),"<>"&日付設定!$E$2) +COUNTIFS(INDIRECT($B17&"年度出願!$M:$M"),"<="&日付設定!$B2,INDIRECT($B17&"年度出願!$E:$E"),日付設定!$E$2,INDIRECT($B17&"年度出願!$Q:$Q"),日付設定!$G$2,INDIRECT($B17&"年度出願!$Y:$Y"),"",INDIRECT($B17&"年度出願!$AR:$AR"),"",INDIRECT($B17&"年度出願!$A:$A"),日付設定!$M$2) -> 0 | T17: =COUNTIFS(INDIRECT($B17&"年度出願!$AA:$AA"),"<="&日付設定!$B2,INDIRECT($B17&"年度出願!$AG:$AG"),日付設定!$E$2,INDIRECT($B17&"年度出願!$Q:$Q"),日付設定!$G$2) -> 0 | U17: =COUNTIFS(INDIRECT($B17&"年度出願!$M:$M"),"<="&日付設定!$B2,INDIRECT($B17&"年度出願!$E:$E"),日付設定!$E$2,INDIRECT($B17&"年度出願!$T:$T"),日付設定!$F$3) -> 0 | V17: =COUNTIFS(INDIRECT($B17&"年度出願!$Y:$Y"),"<="&日付設定!$B2,INDIRECT($B17&"年度出願!$E:$E"),日付設定!$E$2,INDIRECT($B17&"年度出願!$T:$T"),日付設定!$F$3,INDIRECT($B17&"年度出願!$Y:$Y"),"<>"&"") +COUNTIFS(INDIRECT($B17&"年度出願!$M:$M"),"<="&日付設定!$B2,INDIRECT($B17&"年度出願!$E:$E"),日付設定!$E$2,INDIRECT($B17&"年度出願!$T:$T"),日付設定!$F$3,INDIRECT($B17&"年度出願!$Y:$Y"),"",INDIRECT($B17&"年度出願!$AR:$AR"),"N") +COUNTIFS(INDIRECT($B17&"年度出願!$M:$M"),"<="&日付設定!$B2,INDIRECT($B17&"年度出願!$E:$E"),日付設定!$E$2,INDIRECT($B17&"年度出願!$T:$T"),日付設定!$F$3,INDIRECT($B17&"年度出願!$Y:$Y"),"",INDIRECT($B17&"年度出願!$AR:$AR"),"S",INDIRECT($B17&"年度出願!$AS:$AS"),"N") +COUNTIFS(INDIRECT($B17&"年度出願!$AA:$AA"),"<="&日付設定!$B2,INDIRECT($B17&"年度出願!$E:$E"),日付設定!$E$2,INDIRECT($B17&"年度出願!$T:$T"),日付設定!$F$3,INDIRECT($B17&"年度出願!$AG:$AG"),"<>"&日付設定!$E$2) +COUNTIFS(INDIRECT($B17&"年度出願!$M:$M"),"<="&日付設定!$B2,INDIRECT($B17&"年度出願!$E:$E"),日付設定!$E$2,INDIRECT($B17&"年度出願!$T:$T"),日付設定!$F$3,INDIRECT($B17&"年度出願!$Y:$Y"),"",INDIRECT($B17&"年度出願!$AR:$AR"),"",INDIRECT($B17&"年度出願!$A:$A"),日付設定!$M$2) -> 0 | W17: =COUNTIFS(INDIRECT($B17&"年度出願!$AA:$AA"),"<="&日付設定!$B2,INDIRECT($B17&"年度出願!$AG:$AG"),日付設定!$E$2,INDIRECT($B17&"年度出願!$T:$T"),日付設定!$F$3) -> 0 | X17: =COUNTIFS(INDIRECT($B17&"年度出願!$M:$M"),"<="&日付設定!$B2,INDIRECT($B17&"年度出願!$E:$E"),日付設定!$E$2,INDIRECT($B17&"年度出願!$T:$T"),日付設定!$F$5) -> 12 | Y17: =COUNTIFS(INDIRECT($B17&"年度出願!$Y:$Y"),"<="&日付設定!$B2,INDIRECT($B17&"年度出願!$E:$E"),日付設定!$E$2,INDIRECT($B17&"年度出願!$T:$T"),日付設定!$F$5,INDIRECT($B17&"年度出願!$Y:$Y"),"<>"&"") +COUNTIFS(INDIRECT($B17&"年度出願!$M:$M"),"<="&日付設定!$B2,INDIRECT($B17&"年度出願!$E:$E"),日付設定!$E$2,INDIRECT($B17&"年度出願!$T:$T"),日付設定!$F$5,INDIRECT($B17&"年度出願!$Y:$Y"),"",INDIRECT($B17&"年度出願!$AR:$AR"),"N") +COUNTIFS(INDIRECT($B17&"年度出願!$M:$M"),"<="&日付設定!$B2,INDIRECT($B17&"年度出願!$E:$E"),日付設定!$E$2,INDIRECT($B17&"年度出願!$T:$T"),日付設定!$F$5,INDIRECT($B17&"年度出願!$Y:$Y"),"",INDIRECT($B17&"年度出願!$AR:$AR"),"S",INDIRECT($B17&"年度出願!$AS:$AS"),"N") +COUNTIFS(INDIRECT($B17&"年度出願!$AA:$AA"),"<="&日付設定!$B2,INDIRECT($B17&"年度出願!$E:$E"),日付設定!$E$2,INDIRECT($B17&"年度出願!$T:$T"),日付設定!$F$5,INDIRECT($B17&"年度出願!$AG:$AG"),"<>"&日付設定!$E$2) +COUNTIFS(INDIRECT($B17&"年度出願!$M:$M"),"<="&日付設定!$B2,INDIRECT($B17&"年度出願!$E:$E"),日付設定!$E$2,INDIRECT($B17&"年度出願!$T:$T"),日付設定!$F$5,INDIRECT($B17&"年度出願!$Y:$Y"),"",INDIRECT($B17&"年度出願!$AR:$AR"),"",INDIRECT($B17&"年度出願!$A:$A"),日付設定!$M$2) -> 0 | Z17: =COUNTIFS(INDIRECT($B17&"年度出願!$AA:$AA"),"<="&日付設定!$B2,INDIRECT($B17&"年度出願!$AG:$AG"),日付設定!$E$2,INDIRECT($B17&"年度出願!$T:$T"),日付設定!$F$5) -> 8 | AA17: =COUNTIFS(INDIRECT($B17&"年度出願!$M:$M"),"<="&日付設定!$B2,INDIRECT($B17&"年度出願!$E:$E"),日付設定!$E$2,INDIRECT($B17&"年度出願!$T:$T"),日付設定!$F$9) -> 7 | AB17: =COUNTIFS(INDIRECT($B17&"年度出願!$Y:$Y"),"<="&日付設定!$B2,INDIRECT($B17&"年度出願!$E:$E"),日付設定!$E$2,INDIRECT($B17&"年度出願!$T:$T"),日付設定!$F$9,INDIRECT($B17&"年度出願!$Y:$Y"),"<>"&"") +COUNTIFS(INDIRECT($B17&"年度出願!$M:$M"),"<="&日付設定!$B2,INDIRECT($B17&"年度出願!$E:$E"),日付設定!$E$2,INDIRECT($B17&"年度出願!$T:$T"),日付設定!$F$9,INDIRECT($B17&"年度出願!$Y:$Y"),"",INDIRECT($B17&"年度出願!$AR:$AR"),"N") +COUNTIFS(INDIRECT($B17&"年度出願!$M:$M"),"<="&日付設定!$B2,INDIRECT($B17&"年度出願!$E:$E"),日付設定!$E$2,INDIRECT($B17&"年度出願!$T:$T"),日付設定!$F$9,INDIRECT($B17&"年度出願!$Y:$Y"),"",INDIRECT($B17&"年度出願!$AR:$AR"),"S",INDIRECT($B17&"年度出願!$AS:$AS"),"N") +COUNTIFS(INDIRECT($B17&"年度出願!$AA:$AA"),"<="&日付設定!$B2,INDIRECT($B17&"年度出願!$E:$E"),日付設定!$E$2,INDIRECT($B17&"年度出願!$T:$T"),日付設定!$F$9,INDIRECT($B17&"年度出願!$AG:$AG"),"<>"&日付設定!$E$2) +COUNTIFS(INDIRECT($B17&"年度出願!$M:$M"),"<="&日付設定!$B2,INDIRECT($B17&"年度出願!$E:$E"),日付設定!$E$2,INDIRECT($B17&"年度出願!$T:$T"),日付設定!$F$9,INDIRECT($B17&"年度出願!$Y:$Y"),"",INDIRECT($B17&"年度出願!$AR:$AR"),"",INDIRECT($B17&"年度出願!$A:$A"),日付設定!$M$2) -> 0 | AC17: =COUNTIFS(INDIRECT($B17&"年度出願!$AA:$AA"),"<="&日付設定!$B2,INDIRECT($B17&"年度出願!$AG:$AG"),日付設定!$E$2,INDIRECT($B17&"年度出願!$T:$T"),日付設定!$F$9) -> 7 | AD17: =COUNTIFS(INDIRECT($B17&"年度出願!$M:$M"),"<="&日付設定!$B2,INDIRECT($B17&"年度出願!$E:$E"),日付設定!$E$2,INDIRECT($B17&"年度出願!$T:$T"),日付設定!$F$7) -> 0 | AE17: =COUNTIFS(INDIRECT($B17&"年度出願!$Y:$Y"),"<="&日付設定!$B2,INDIRECT($B17&"年度出願!$E:$E"),日付設定!$E$2,INDIRECT($B17&"年度出願!$T:$T"),日付設定!$F$7,INDIRECT($B17&"年度出願!$Y:$Y"),"<>"&"") +COUNTIFS(INDIRECT($B17&"年度出願!$M:$M"),"<="&日付設定!$B2,INDIRECT($B17&"年度出願!$E:$E"),日付設定!$E$2,INDIRECT($B17&"年度出願!$T:$T"),日付設定!$F$7,INDIRECT($B17&"年度出願!$Y:$Y"),"",INDIRECT($B17&"年度出願!$AR:$AR"),"N") +COUNTIFS(INDIRECT($B17&"年度出願!$M:$M"),"<="&日付設定!$B2,INDIRECT($B17&"年度出願!$E:$E"),日付設定!$E$2,INDIRECT($B17&"年度出願!$T:$T"),日付設定!$F$7,INDIRECT($B17&"年度出願!$Y:$Y"),"",INDIRECT($B17&"年度出願!$AR:$AR"),"S",INDIRECT($B17&"年度出願!$AS:$AS"),"N") +COUNTIFS(INDIRECT($B17&"年度出願!$AA:$AA"),"<="&日付設定!$B2,INDIRECT($B17&"年度出願!$E:$E"),日付設定!$E$2,INDIRECT($B17&"年度出願!$T:$T"),日付設定!$F$7,INDIRECT($B17&"年度出願!$AG:$AG"),"<>"&日付設定!$E$2) -> 0 | AF17: =COUNTIFS(INDIRECT($B17&"年度出願!$AA:$AA"),"<="&日付設定!$B2,INDIRECT($B17&"年度出願!$AG:$AG"),日付設定!$E$2,INDIRECT($B17&"年度出願!$T:$T"),日付設定!$F$7) -> 0 | AG17: =COUNTIFS(INDIRECT($B17&"年度出願!$M:$M"),"<="&日付設定!$B2,INDIRECT($B17&"年度出願!$E:$E"),日付設定!$E$2,INDIRECT($B17&"年度出願!$T:$T"),日付設定!$F$11) -> 63 | AH17: =COUNTIFS(INDIRECT($B17&"年度出願!$Y:$Y"),"<="&日付設定!$B2,INDIRECT($B17&"年度出願!$E:$E"),日付設定!$E$2,INDIRECT($B17&"年度出願!$T:$T"),日付設定!$F$11,INDIRECT($B17&"年度出願!$Y:$Y"),"<>"&"") +COUNTIFS(INDIRECT($B17&"年度出願!$M:$M"),"<="&日付設定!$B2,INDIRECT($B17&"年度出願!$E:$E"),日付設定!$E$2,INDIRECT($B17&"年度出願!$T:$T"),日付設定!$F$11,INDIRECT($B17&"年度出願!$Y:$Y"),"",INDIRECT($B17&"年度出願!$AR:$AR"),"N") +COUNTIFS(INDIRECT($B17&"年度出願!$M:$M"),"<="&日付設定!$B2,INDIRECT($B17&"年度出願!$E:$E"),日付設定!$E$2,INDIRECT($B17&"年度出願!$T:$T"),日付設定!$F$11,INDIRECT($B17&"年度出願!$Y:$Y"),"",INDIRECT($B17&"年度出願!$AR:$AR"),"S",INDIRECT($B17&"年度出願!$AS:$AS"),"N") +COUNTIFS(INDIRECT($B17&"年度出願!$AA:$AA"),"<="&日付設定!$B2,INDIRECT($B17&"年度出願!$E:$E"),日付設定!$E$2,INDIRECT($B17&"年度出願!$T:$T"),日付設定!$F$11,INDIRECT($B17&"年度出願!$AG:$AG"),"<>"&日付設定!$E$2) -> 31 | AI17: =COUNTIFS(INDIRECT($B17&"年度出願!$AA:$AA"),"<="&日付設定!$B2,INDIRECT($B17&"年度出願!$AG:$AG"),日付設定!$E$2,INDIRECT($B17&"年度出願!$T:$T"),日付設定!$F$11) -> 27 | AJ17: =SUM(C17,F17,I17,L17,O17,R17,U17,X17,AA17,AD17,AG17) -> 240 | AK17: =SUM(D17,G17,J17,M17,P17,S17,V17,Y17,AB17,AE17,AH17) -> 64 | AL17: =SUM(E17,H17,K17,N17,Q17,T17,W17,Z17,AC17,AF17,AI17) -> 139
